{"http://dbpedia.org/resource/Italian_East_Africa": 3, "http://dbpedia.org/resource/Grose_Valley": 3, "http://dbpedia.org/resource/Beauregard-de-Terrasson": 3, "http://dbpedia.org/resource/Organisation_of_African_Unity": 2, "http://dbpedia.org/resource/Eternal_Light_Peace_Memorial": 2, "http://dbpedia.org/resource/County_of_Stolberg": 2, "http://dbpedia.org/resource/United_Nations_Interim_Administration_Mission_in_Kosovo": 2, "http://dbpedia.org/resource/N\u011bm\u010dice_(Krom\u011b\u0159\u00ed\u017e_District)": 2, "http://dbpedia.org/resource/Aappilattoq,_Kujalleq": 2, "http://dbpedia.org/resource/Dompierre-du-Chemin": 2, "http://dbpedia.org/resource/Adirondack_Mountains": 2, "http://dbpedia.org/resource/205_Martha": 2, "http://dbpedia.org/resource/Dali_County": 2, "http://dbpedia.org/resource/Condorcet,_Dr\u00f4me": 2, "http://dbpedia.org/resource/Supermarket": 2, "http://dbpedia.org/resource/Virginia_Monument": 2, "http://dbpedia.org/resource/Bilaspur,_Gautam_Buddh_Nagar": 2, "http://dbpedia.org/resource/Saint-Sauveur-Lalande": 2, "http://dbpedia.org/resource/Saint-Sauveur,_Hautes-Alpes": 2, "http://dbpedia.org/resource/Soldiers'_National_Monument": 2, "http://dbpedia.org/resource/Dompierre-les-Tilleuls": 2, "http://dbpedia.org/resource/Cienfuegos_Province": 2, "http://dbpedia.org/resource/Biotope": 2, "http://dbpedia.org/resource/Manor_of_Lagares_d'El-Rei": 1, "http://dbpedia.org/resource/Creake_Abbey": 1, "http://dbpedia.org/resource/Castle_of_Mau_Vizinho_(Vila_Real)": 1, "http://dbpedia.org/resource/Palace_of_Panaca": 1, "http://dbpedia.org/resource/San_Esteban,_Valencia": 1, "http://dbpedia.org/resource/Efrat": 1, "http://dbpedia.org/resource/Fort_of_Negrito": 1, "http://dbpedia.org/resource/Fountain_of_\u00c1guas_Ferreas": 1, "http://dbpedia.org/resource/Tower_of_Ferreira_de_Aves": 1, "http://dbpedia.org/resource/Merville,_Haute-Garonne": 1, "http://dbpedia.org/resource/Castle_of_Silves": 1, "http://dbpedia.org/resource/Bouchout_Castle": 1, "http://dbpedia.org/resource/Col_du_Galibier": 1, "http://dbpedia.org/resource/Fors,_Deux-S\u00e8vres": 1, "http://dbpedia.org/resource/Fountain_of_Arm\u00e9s": 1, "http://dbpedia.org/resource/Hall_Island_(Arctic)": 1, "http://dbpedia.org/resource/Manor_of_the_Tiagos": 1, "http://dbpedia.org/resource/Akbarabad-e_Hejri": 1, "http://dbpedia.org/resource/Dolmen_of_Carapito_I": 1, "http://dbpedia.org/resource/Arthur_O._Wheeler_hut": 1, "http://dbpedia.org/resource/Roman_ruins_of_S\u00e3o_Cucufate": 1, "http://dbpedia.org/resource/Gaber,_Sofia_Province": 1, "http://dbpedia.org/resource/Castle_of_Carrazeda_de_Ansi\u00e3es": 1, "http://dbpedia.org/resource/Cartouche_(design)": 1, "http://dbpedia.org/resource/Roman_Bridge_of_Chaves": 1, "http://dbpedia.org/resource/Ivanhoe_Lake_Provincial_Park": 1, "http://dbpedia.org/resource/Peckforton_Castle": 1, "http://dbpedia.org/resource/Castle_of_the_Moors": 1, "http://dbpedia.org/resource/Guimar\u00e3es_Castle": 1, "http://dbpedia.org/resource/Sankt_Martin_an_der_Raab": 1, "http://dbpedia.org/resource/Mount_Porte_Crayon": 1, "http://dbpedia.org/resource/Brookside_Museum": 1, "http://dbpedia.org/resource/Aliso_Canyon": 1, "http://dbpedia.org/resource/Church_of_Santa_B\u00e1rbara_(Horta)": 1, "http://dbpedia.org/resource/Livanjsko_field": 1, "http://dbpedia.org/resource/Bia\u0142obrzegi,_Legionowo_County": 1, "http://dbpedia.org/resource/Sankt_Martin_am_W\u00f6llmi\u00dfberg": 1, "http://dbpedia.org/resource/Carville-Pot-de-Fer": 1, "http://dbpedia.org/resource/Castile_(historical_region)": 1, "http://dbpedia.org/resource/Pova\u017esk\u00fd_hrad": 1, "http://dbpedia.org/resource/Castle_of_Aljezur": 1, "http://dbpedia.org/resource/Fort_of_Nossa_Senhora_da_Encarna\u00e7\u00e3o_(Carvoeiro)": 1, "http://dbpedia.org/resource/Akrotiri_Peninsula_(Cyprus)": 1, "http://dbpedia.org/resource/Faj\u00e3_do_Calhau_Rolado": 1, "http://dbpedia.org/resource/Swan_Lake_(Alaska)": 1, "http://dbpedia.org/resource/Palace_of_Ajuda": 1, "http://dbpedia.org/resource/Saint-Sauveur-de-Landemont": 1, "http://dbpedia.org/resource/Ruby_Beach": 1, "http://dbpedia.org/resource/Aljustrel_mine": 1, "http://dbpedia.org/resource/Doln\u00ed_Ho\u0159ice": 1, "http://dbpedia.org/resource/Umayyad_Caliphate": 1, "http://dbpedia.org/resource/Lolab_Valley": 1, "http://dbpedia.org/resource/Felsberg_(Odenwald)": 1, "http://dbpedia.org/resource/Rio_Minho_(Jamaica)": 1, "http://dbpedia.org/resource/Church_of_Nossa_Senhora_da_Concei\u00e7\u00e3o_Velha": 1, "http://dbpedia.org/resource/Crossroads_Mall_(Omaha)": 1, "http://dbpedia.org/resource/Akbarabad,_Mobarakeh": 1, "http://dbpedia.org/resource/Felbrigg_Hall": 1, "http://dbpedia.org/resource/Carbonate,_Lombardy": 1, "http://dbpedia.org/resource/Boulogne_Sur_Mer": 1, "http://dbpedia.org/resource/Encyclopedia_Astronautica": 1, "http://dbpedia.org/resource/Schengen_Area": 1, "http://dbpedia.org/resource/Wedge_Ridge": 1, "http://dbpedia.org/resource/Corfu": 1, "http://dbpedia.org/resource/Boulogne,_Vend\u00e9e": 1, "http://dbpedia.org/resource/Episcopal_Church_of_the_Nativity_(Union,_South_Carolina)": 1, "http://dbpedia.org/resource/Burton_Wold_Wind_Farm": 1, "http://dbpedia.org/resource/Residence_of_the_Crivos": 1, "http://dbpedia.org/resource/Bia\u0142obrzegi,_Soko\u0142\u00f3w_County": 1, "http://dbpedia.org/resource/Taq_Kasra": 1, "http://dbpedia.org/resource/Palacete_Silveira_e_Paulo": 1, "http://dbpedia.org/resource/Gettysburg_Museum_and_Visitor_Center": 1, "http://dbpedia.org/resource/Tower_of_Penegate": 1, "http://dbpedia.org/resource/Billups_House": 1, "http://dbpedia.org/resource/Castle_of_Marv\u00e3o": 1, "http://dbpedia.org/resource/Crans,_Jura": 1, "http://dbpedia.org/resource/Glarus_Alps": 1, "http://dbpedia.org/resource/Drage,_Nordfriesland": 1, "http://dbpedia.org/resource/Lisbon_Synagogue": 1, "http://dbpedia.org/resource/Church_of_Santa_Maria_de_Abade_de_Neiva": 1, "http://dbpedia.org/resource/Biskupice_(Svitavy_District)": 1, "http://dbpedia.org/resource/Bellatrix": 1, "http://dbpedia.org/resource/Walls_of_D._Fernando/Fernandina_Wall": 1, "http://dbpedia.org/resource/Adra,_Estonia": 1, "http://dbpedia.org/resource/Kickapoo_Cavern_State_Park": 1, "http://dbpedia.org/resource/Cedar_Township,_Cherokee_County,_Iowa": 1, "http://dbpedia.org/resource/Ch\u00e2teau_La_Tour_Carnet": 1, "http://dbpedia.org/resource/280_Philia": 1, "http://dbpedia.org/resource/Jan\u00f3w,_Che\u0142m_County": 1, "http://dbpedia.org/resource/Breitscheid,_Mainz-Bingen": 1, "http://dbpedia.org/resource/Financial_market": 1, "http://dbpedia.org/resource/Piotrowice,_O\u015bwi\u0119cim_County": 1, "http://dbpedia.org/resource/Jan\u00f3w,_Konin_County": 1, "http://dbpedia.org/resource/Church_of_Our_Lady_(Bremen)": 1, "http://dbpedia.org/resource/Lyell_Island": 1, "http://dbpedia.org/resource/Shang_dynasty": 1, "http://dbpedia.org/resource/Boissy-en-Drouais": 1, "http://dbpedia.org/resource/Residence_of_Portela": 1, "http://dbpedia.org/resource/Curran_Township,_Sangamon_County,_Illinois": 1, "http://dbpedia.org/resource/Saint-Cyprien,_Loire": 1, "http://dbpedia.org/resource/White_dwarf": 1, "http://dbpedia.org/resource/Castle_of_Pena_de_Aguiar": 1, "http://dbpedia.org/resource/Church_of_Nossa_Senhora_de_Guadalupe": 1, "http://dbpedia.org/resource/Coin-sur-Seille": 1, "http://dbpedia.org/resource/Bevern_(Samtgemeinde)": 1, "http://dbpedia.org/resource/Melkite_Greek_Catholic_Eparchy_of_Saint-Sauveur_of_Montr\u00e9al": 1, "http://dbpedia.org/resource/Palace_of_the_Counts_of_Azambuja": 1, "http://dbpedia.org/resource/The_Tower_at_Dubai_Creek_Harbour": 1, "http://dbpedia.org/resource/Castle_of_Almada": 1, "http://dbpedia.org/resource/Archaeological_Site_of_Senhor_dos_M\u00e1rtires": 1, "http://dbpedia.org/resource/Ahigal_de_Villarino": 1, "http://dbpedia.org/resource/Sacred_Heart_Cathedral,_Maliana": 1, "http://dbpedia.org/resource/Fortress_of_S\u00e3o_Mateus_da_Calheta": 1, "http://dbpedia.org/resource/Biskupice-Pulkov": 1, "http://dbpedia.org/resource/Pousada_of_D._Maria": 1, "http://dbpedia.org/resource/Ducal_Palace_of_Vila_Vi\u00e7osa": 1, "http://dbpedia.org/resource/Ashgrove,_Moray": 1, "http://dbpedia.org/resource/2009_Voloshina": 1, "http://dbpedia.org/resource/Castle_of_Vila_Nova_de_Cerveira": 1, "http://dbpedia.org/resource/Chagai,_Pakistan": 1, "http://dbpedia.org/resource/Calabria": 1, "http://dbpedia.org/resource/Castle_of_Cola": 1, "http://dbpedia.org/resource/Cheatham_Annex": 1, "http://dbpedia.org/resource/Bever_(Weser)": 1, "http://dbpedia.org/resource/Castle_of_Mirandela": 1, "http://dbpedia.org/resource/Dali,_Cyprus": 1, "http://dbpedia.org/resource/Ursa_Major": 1, "http://dbpedia.org/resource/Dorsey_Knob": 1, "http://dbpedia.org/resource/Roman_villa_of_Quinta_da_Bolacha": 1, "http://dbpedia.org/resource/Barzun,_Pyr\u00e9n\u00e9es-Atlantiques": 1, "http://dbpedia.org/resource/Manor_of_Sezim": 1, "http://dbpedia.org/resource/Faj\u00e3_do_Ouvidor": 1, "http://dbpedia.org/resource/Eisberg_(Moosbach)": 1, "http://dbpedia.org/resource/Stadio_Comunale_(Chiasso)": 1, "http://dbpedia.org/resource/Fort_of_S\u00e3o_Francisco_do_Queijo": 1, "http://dbpedia.org/resource/Anglo-Australian_Planet_Search": 1, "http://dbpedia.org/resource/Cit\u00e2nia_de_Briteiros": 1, "http://dbpedia.org/resource/Saint-Sauveur,_Meurthe-et-Moselle": 1, "http://dbpedia.org/resource/Castle_of_Loul\u00e9": 1, "http://dbpedia.org/resource/Whidbey_Island": 1, "http://dbpedia.org/resource/Eglin_AFB_Site_C-6": 1, "http://dbpedia.org/resource/Casa_dos_Bicos": 1, "http://dbpedia.org/resource/Saint-Sauveur,_C\u00f4te-d'Or": 1, "http://dbpedia.org/resource/Fort_of_Santa_Catarina_(Portim\u00e3o)": 1, "http://dbpedia.org/resource/Fort_of_Nossa_Senhora_da_Rocha_(Porches)": 1, "http://dbpedia.org/resource/Episcopal_Palace,_Braga": 1, "http://dbpedia.org/resource/Albireo": 1, "http://dbpedia.org/resource/Pioneer_10": 1, "http://dbpedia.org/resource/Castle_of_Paderne": 1, "http://dbpedia.org/resource/Santa_Apol\u00f3nia_railway_station": 1, "http://dbpedia.org/resource/Bill_Putnam_hut": 1, "http://dbpedia.org/resource/Castle_of_Terena": 1, "http://dbpedia.org/resource/Burg_Pova\u017esk\u00e1_Bystrica": 1, "http://dbpedia.org/resource/Ultra": 1, "http://dbpedia.org/resource/Santa_Justa_Lift": 1, "http://dbpedia.org/resource/Iwetemlaykin_State_Heritage_Site": 1, "http://dbpedia.org/resource/Almohad_Caliphate": 1, "http://dbpedia.org/resource/Boca_do_Vento_Elevator": 1, "http://dbpedia.org/resource/Dommartin-le-Coq": 1, "http://dbpedia.org/resource/Egg_Rock": 1, "http://dbpedia.org/resource/Dompierre,_Orne": 1, "http://dbpedia.org/resource/Castle_of_Messejana": 1, "http://dbpedia.org/resource/Santa_Clara_Aqueduct": 1, "http://dbpedia.org/resource/Castle_of_Balsam\u00e3o": 1, "http://dbpedia.org/resource/Brackett,_Wisconsin": 1, "http://dbpedia.org/resource/Manor_of_Santo_Ant\u00f3nio_(Calheta)": 1, "http://dbpedia.org/resource/Casaleggio_Novara": 1, "http://dbpedia.org/resource/Saint-Cyprien,_Pyr\u00e9n\u00e9es-Orientales": 1, "http://dbpedia.org/resource/Church_of_S\u00e3o_Mateus_da_Calheta": 1, "http://dbpedia.org/resource/Padr\u00e3o_dos_Descobrimentos": 1, "http://dbpedia.org/resource/Church_of_the_Jesuit_College_(Ponta_Delgada)": 1, "http://dbpedia.org/resource/Mud_Rural_District": 1, "http://dbpedia.org/resource/Convent_of_Nossa_Senhora_do_Carmo_(Lagoa)": 1, "http://dbpedia.org/resource/Saint-Sauveur-de-Ginestoux": 1, "http://dbpedia.org/resource/Castle_of_Lamego": 1, "http://dbpedia.org/resource/Taconic_Mountains": 1, "http://dbpedia.org/resource/Gaudineer_Knob": 1, "http://dbpedia.org/resource/Fay_hut": 1, "http://dbpedia.org/resource/Schlo\u00dfberg_(Leibnitz)": 1, "http://dbpedia.org/resource/Mikul\u010dice_Archaeopark": 1, "http://dbpedia.org/resource/Central_Stadium_(Yekaterinburg)": 1, "http://dbpedia.org/resource/Castle_of_Alter_Pedroso": 1, "http://dbpedia.org/resource/Bakewell_Island": 1, "http://dbpedia.org/resource/Castle_of_Rebord\u00e3os": 1, "http://dbpedia.org/resource/Al-Berka": 1, "http://dbpedia.org/resource/Palace_of_Versailles": 1, "http://dbpedia.org/resource/Polder": 1, "http://dbpedia.org/resource/Kidepo_Valley_National_Park": 1, "http://dbpedia.org/resource/Cordillera_Occidental_(Colombia)": 1, "http://dbpedia.org/resource/Jer\u00f3nimos_Monastery": 1, "http://dbpedia.org/resource/W.J.B._Greenwood_Provincial_Park": 1, "http://dbpedia.org/resource/Bonneuil,_Indre": 1, "http://dbpedia.org/resource/Residence_Rua_de_D._Hugo": 1, "http://dbpedia.org/resource/Monastery_of_Dumio": 1, "http://dbpedia.org/resource/Castro_de_Sac\u00f3ias": 1, "http://dbpedia.org/resource/Castle_of_Freixo_de_Espada-\u00e0-Cinta": 1, "http://dbpedia.org/resource/Biskupice,_\u015aroda_Wielkopolska_County": 1, "http://dbpedia.org/resource/Saint-Sauveur-des-Landes": 1, "http://dbpedia.org/resource/Beau-S\u00e9jour_Palace": 1, "http://dbpedia.org/resource/Castle_of_Vila_Vi\u00e7osa": 1, "http://dbpedia.org/resource/Megalithic_Monuments_of_Alcalar": 1, "http://dbpedia.org/resource/Church_of_Nossa_Senhora_do_Ros\u00e1rio_(Calheta)": 1, "http://dbpedia.org/resource/Saint-Sauveur-d'\u00c9malleville": 1, "http://dbpedia.org/resource/Colter's_Hell": 1, "http://dbpedia.org/resource/Residence_of_Mesquitela": 1, "http://dbpedia.org/resource/Bataan_National_Park": 1, "http://dbpedia.org/resource/Dalmatia": 1, "http://dbpedia.org/resource/Fort_of_S\u00e3o_Jo\u00e3o_Baptista_of_Praia_Formosa": 1, "http://dbpedia.org/resource/Castle_of_R\u00f3d\u00e3o": 1, "http://dbpedia.org/resource/Recreational_Forest_Reserve_of_Valverde": 1, "http://dbpedia.org/resource/Church_of_S\u00e3o_Gi\u00e3o": 1, "http://dbpedia.org/resource/Domus_Municipalis": 1, "http://dbpedia.org/resource/Convent_of_Carmo_(Horta)": 1, "http://dbpedia.org/resource/Aperture": 1, "http://dbpedia.org/resource/Castle_of_Santo_Est\u00eav\u00e3o": 1, "http://dbpedia.org/resource/Beckett_Nunatak": 1, "http://dbpedia.org/resource/Faj\u00e3_do_Boi": 1, "http://dbpedia.org/resource/Jin_dynasty_(265\u2013420)": 1, "http://dbpedia.org/resource/Balloo,_County_Antrim": 1, "http://dbpedia.org/resource/Akbarabad,_Tonekabon": 1, "http://dbpedia.org/resource/Church_of_Atalaia": 1, "http://dbpedia.org/resource/Wyoming": 1, "http://dbpedia.org/resource/Onset_Island_(Massachusetts)": 1, "http://dbpedia.org/resource/Castle_of_Belver": 1, "http://dbpedia.org/resource/Dahlem,_Lower_Saxony": 1, "http://dbpedia.org/resource/Vermont": 1, "http://dbpedia.org/resource/Cr\u00e9py,_Aisne": 1, "http://dbpedia.org/resource/Al-Rastan": 1, "http://dbpedia.org/resource/Centerton,_Burlington_County,_New_Jersey": 1, "http://dbpedia.org/resource/Ursa_Minor": 1, "http://dbpedia.org/resource/Fort_George_G._Meade": 1, "http://dbpedia.org/resource/Roman_Dam_of_Belas": 1, "http://dbpedia.org/resource/Castle_of_Moreira_de_Rei": 1, "http://dbpedia.org/resource/Vinland": 1, "http://dbpedia.org/resource/Barton_Knob": 1, "http://dbpedia.org/resource/Calvin_Price_State_Forest": 1, "http://dbpedia.org/resource/Berndorf,_Lower_Austria": 1, "http://dbpedia.org/resource/Hudson_Highlands_State_Park": 1, "http://dbpedia.org/resource/Bonneuil,_Charente": 1, "http://dbpedia.org/resource/Cranberry_Glades": 1, "http://dbpedia.org/resource/Triton_(moon)": 1, "http://dbpedia.org/resource/Convent_of_S\u00e3o_Francisco_(Vila_Franca_do_Campo)": 1, "http://dbpedia.org/resource/Cape_Breton_South_(federal_electoral_district)": 1, "http://dbpedia.org/resource/Castro_of_Cidadelhe": 1, "http://dbpedia.org/resource/Chhang,_Nepal": 1, "http://dbpedia.org/resource/Monsey,_Benin": 1, "http://dbpedia.org/resource/Biskupice,_Miech\u00f3w_County": 1, "http://dbpedia.org/resource/Theatre_Circo": 1, "http://dbpedia.org/resource/Fort_of_S\u00e3o_Jo\u00e3o_Baptista_(Berlengas)": 1, "http://dbpedia.org/resource/Saint-Sauveur_(electoral_district)": 1, "http://dbpedia.org/resource/Caer_Llugwy": 1, "http://dbpedia.org/resource/Muri,_Razavi_Khorasan": 1, "http://dbpedia.org/resource/Atoll": 1, "http://dbpedia.org/resource/Castle_of_Algoso": 1, "http://dbpedia.org/resource/Behemoth_(roller_coaster)": 1, "http://dbpedia.org/resource/Tule_Valley": 1, "http://dbpedia.org/resource/Malheur_Reservoir": 1, "http://dbpedia.org/resource/Boissy-le-Bois": 1, "http://dbpedia.org/resource/363_Padua": 1, "http://dbpedia.org/resource/Castle_of_Alf\u00e2ndega_da_F\u00e9": 1, "http://dbpedia.org/resource/Cedar_Township,_Floyd_County,_Iowa": 1, "http://dbpedia.org/resource/Faj\u00e3_do_Cerrado_das_Silvas": 1, "http://dbpedia.org/resource/Akbarabad,_Esmaili": 1, "http://dbpedia.org/resource/Castle_of_Av\u00f4": 1, "http://dbpedia.org/resource/Cebeci_\u0130n\u00f6n\u00fc_Stadium": 1, "http://dbpedia.org/resource/Conflans-sur-Lanterne": 1, "http://dbpedia.org/resource/Abbot_Pass_hut": 1, "http://dbpedia.org/resource/Castle_of_Alenquer": 1, "http://dbpedia.org/resource/Lancang_Lahu_Autonomous_County": 1, "http://dbpedia.org/resource/Roman_Milestones_of_Braga": 1, "http://dbpedia.org/resource/Faj\u00e3_Pelada": 1, "http://dbpedia.org/resource/Olmedo_Canton,_Loja": 1, "http://dbpedia.org/resource/Castle_of_Braga": 1, "http://dbpedia.org/resource/Dublin_Pearse_railway_station": 1, "http://dbpedia.org/resource/Duchy_of_Mecklenburg-Strelitz": 1, "http://dbpedia.org/resource/Cool_(district_of_Rotterdam)": 1, "http://dbpedia.org/resource/Saint-Sauveur-Lendelin": 1, "http://dbpedia.org/resource/Elizabeth_Parker_hut": 1, "http://dbpedia.org/resource/Steppe": 1, "http://dbpedia.org/resource/Saint-Sauveur-de-Fl\u00e9e": 1, "http://dbpedia.org/resource/Sanctuary_of_F\u00e1tima": 1, "http://dbpedia.org/resource/Castle_of_Campo_Maior": 1, "http://dbpedia.org/resource/Church_of_S\u00e3o_Miguel_do_Castelo": 1, "http://dbpedia.org/resource/Wadi_Rum": 1, "http://dbpedia.org/resource/El_Rosal,_Cundinamarca": 1, "http://dbpedia.org/resource/Faj\u00e3_do_Centeio": 1, "http://dbpedia.org/resource/Labrador": 1, "http://dbpedia.org/resource/Caf\u00e9_A_Brasileira": 1, "http://dbpedia.org/resource/Church_of_Santa_Cruz_(Lagoa)": 1, "http://dbpedia.org/resource/Ru\u015b,_Olsztyn_County": 1, "http://dbpedia.org/resource/New_Netherland": 1, "http://dbpedia.org/resource/Ascensor_da_Bica": 1, "http://dbpedia.org/resource/Recreational_Forest_Reserve_of_Fontinhas": 1, "http://dbpedia.org/resource/Wedge_(mechanical_device)": 1, "http://dbpedia.org/resource/Raging_River": 1, "http://dbpedia.org/resource/Albany_Pine_Bush": 1, "http://dbpedia.org/resource/Changi_Business_Park": 1, "http://dbpedia.org/resource/Castle_of_Faria": 1, "http://dbpedia.org/resource/Mont-Valin,_Quebec": 1, "http://dbpedia.org/resource/Nature_Park_of_Terceira": 1, "http://dbpedia.org/resource/Convent_of_the_Capuchos_(Sintra)": 1, "http://dbpedia.org/resource/Wells_Harbour": 1, "http://dbpedia.org/resource/Castle_of_Alcantarilha": 1, "http://dbpedia.org/resource/Hermitage_of_S\u00e3o_Tiago": 1, "http://dbpedia.org/resource/Cove,_Hampshire": 1, "http://dbpedia.org/resource/Church_of_S\u00e3o_Louren\u00e7o_(Almancil)": 1, "http://dbpedia.org/resource/Peneda-Ger\u00eas_National_Park": 1, "http://dbpedia.org/resource/Castle_of_Alva": 1, "http://dbpedia.org/resource/Bow_Bridge,_Western_Australia": 1, "http://dbpedia.org/resource/Bel\u00e9m_Palace": 1, "http://dbpedia.org/resource/Castro_of_Vila_Nova_de_S\u00e3o_Pedro": 1, "http://dbpedia.org/resource/First_Presbyterian_Church_(Poughkeepsie,_New_York)": 1, "http://dbpedia.org/resource/Bartow,_West_Virginia": 1, "http://dbpedia.org/resource/Faj\u00e3_de_Lopo_Vaz": 1, "http://dbpedia.org/resource/Navassa_Island": 1, "http://dbpedia.org/resource/3753_Cruithne": 1, "http://dbpedia.org/resource/Redgrave_and_Lopham_Fen": 1, "http://dbpedia.org/resource/Bettencourt_Palace": 1, "http://dbpedia.org/resource/70_Virginis": 1, "http://dbpedia.org/resource/Enskede-\u00c5rsta-Vant\u00f6r": 1, "http://dbpedia.org/resource/Convent_of_S\u00e3o_Jos\u00e9,_Lagoa_(Algarve)": 1, "http://dbpedia.org/resource/B\u0159eznice_(T\u00e1bor_District)": 1, "http://dbpedia.org/resource/Werder,_Ethiopia": 1, "http://dbpedia.org/resource/Saint-Sauveur,_Finist\u00e8re": 1, "http://dbpedia.org/resource/Julis": 1, "http://dbpedia.org/resource/Castle_of_Alegrete": 1, "http://dbpedia.org/resource/Bazar,_Azerbaijan": 1, "http://dbpedia.org/resource/Netherlands_New_Guinea": 1, "http://dbpedia.org/resource/Castle_of_Almourol": 1, "http://dbpedia.org/resource/Castle_of_Castro_Laboreiro": 1, "http://dbpedia.org/resource/Akari_(satellite)": 1, "http://dbpedia.org/resource/Almeida_Garrett_Library": 1, "http://dbpedia.org/resource/Duns_Tew": 1, "http://dbpedia.org/resource/Brody,_Zielona_G\u00f3ra_County": 1, "http://dbpedia.org/resource/Dompierre-sur-H\u00e9ry": 1, "http://dbpedia.org/resource/Church_of_the_Sant\u00edssima_Trindade_(F\u00e1tima)": 1, "http://dbpedia.org/resource/Dodds_Township,_Jefferson_County,_Illinois": 1, "http://dbpedia.org/resource/Castle_of_Alfeizer\u00e3o": 1, "http://dbpedia.org/resource/Hubble_Space_Telescope": 1, "http://dbpedia.org/resource/Interior_(topology)": 1, "http://dbpedia.org/resource/Oregon_Trail": 1, "http://dbpedia.org/resource/Monastery_of_the_M\u00f3nicas": 1, "http://dbpedia.org/resource/Crown_of_Aragon": 1, "http://dbpedia.org/resource/Enoggera_Dam": 1, "http://dbpedia.org/resource/Bockhorn,_Bavaria": 1, "http://dbpedia.org/resource/Boianu_Mare": 1, "http://dbpedia.org/resource/Cervino,_Campania": 1, "http://dbpedia.org/resource/Spital_am_Pyhrn": 1, "http://dbpedia.org/resource/Castle_of_Elvas": 1, "http://dbpedia.org/resource/Pillory_of_Arcos_de_Valdevez": 1, "http://dbpedia.org/resource/Silk_Road": 1, "http://dbpedia.org/resource/Archaeological_site_of_Quinta_dos_Patudos": 1, "http://dbpedia.org/resource/Big_Round_Top": 1, "http://dbpedia.org/resource/Faj\u00e3_d'Alem": 1, "http://dbpedia.org/resource/Factory_House": 1, "http://dbpedia.org/resource/Church_of_Nossa_Senhora_da_Luz_(Lagoa)": 1, "http://dbpedia.org/resource/Fara_Olivana_con_Sola": 1, "http://dbpedia.org/resource/Eken\u00e4s_Archipelago_National_Park": 1, "http://dbpedia.org/resource/Mariner_8": 1, "http://dbpedia.org/resource/Pousada_da_Ria": 1, "http://dbpedia.org/resource/Fort_of_S\u00e3o_Pedro_do_Estoril": 1, "http://dbpedia.org/resource/Faj\u00e3_dos_Vimes": 1, "http://dbpedia.org/resource/Brody_(air_base)": 1, "http://dbpedia.org/resource/Castle_of_Alcanede": 1, "http://dbpedia.org/resource/Castle_of_Atouguia_da_Baleia": 1, "http://dbpedia.org/resource/Bickle_Knob": 1, "http://dbpedia.org/resource/Castle_of_Vidigueira": 1, "http://dbpedia.org/resource/Wylie_Island": 1, "http://dbpedia.org/resource/Fort_of_Le\u00e7a_de_Palmeira": 1, "http://dbpedia.org/resource/N\u011bm\u010dice_(Blansko_District)": 1, "http://dbpedia.org/resource/Castle_of_Valongo": 1, "http://dbpedia.org/resource/Nazar\u00e9_Funicular": 1, "http://dbpedia.org/resource/Cucumber_sandwich": 1, "http://dbpedia.org/resource/Mariner_6_and_7": 1, "http://dbpedia.org/resource/Kalvaria_Povazska_Bystrica": 1, "http://dbpedia.org/resource/Mariner_10": 1, "http://dbpedia.org/resource/Fort_of_S\u00e3o_Br\u00e1s_(Vila_do_Porto)": 1, "http://dbpedia.org/resource/Casa_Vicent": 1, "http://dbpedia.org/resource/Saint-Cyprien-sur-Dourdou": 1, "http://dbpedia.org/resource/Ega_(river)": 1, "http://dbpedia.org/resource/Eggenberg_(Graz)": 1, "http://dbpedia.org/resource/First_Presbyterian_Church_(Napa,_California)": 1, "http://dbpedia.org/resource/Stadio_Comunale_Bellinzona": 1, "http://dbpedia.org/resource/Fountain_of_S\u00e3o_Jo\u00e3o_(Melga\u00e7o)": 1, "http://dbpedia.org/resource/Castle_of_Monforte": 1, "http://dbpedia.org/resource/Dompierre,_Oise": 1, "http://dbpedia.org/resource/Sind_Valley": 1, "http://dbpedia.org/resource/Boma_ya_Ulanga": 1, "http://dbpedia.org/resource/Palace_of_the_Dukes_of_Braganza": 1, "http://dbpedia.org/resource/Chapel_of_S\u00e3o_Pedro_de_Balsem\u00e3o": 1, "http://dbpedia.org/resource/Fountain_of_Calvo": 1, "http://dbpedia.org/resource/The_Angle": 1, "http://dbpedia.org/resource/Red_Bull_Arena_(Leipzig)": 1, "http://dbpedia.org/resource/Broad_Water": 1, "http://dbpedia.org/resource/De_Immigrant": 1, "http://dbpedia.org/resource/Chapel_of_Nossa_Senhora_da_Lapa_(Sernancelhe)": 1, "http://dbpedia.org/resource/Hermitage_of_Restelo": 1, "http://dbpedia.org/resource/Manor_Povazske_Podhradie": 1, "http://dbpedia.org/resource/Gader_Valley": 1, "http://dbpedia.org/resource/Canna,_Calabria": 1, "http://dbpedia.org/resource/Bely_Island": 1, "http://dbpedia.org/resource/Boissy-aux-Cailles": 1, "http://dbpedia.org/resource/Dompierre-sur-Charente": 1, "http://dbpedia.org/resource/Biskupice_O\u0142awskie": 1, "http://dbpedia.org/resource/Church_of_S\u00e3o_Martinho_de_Cedofeita": 1, "http://dbpedia.org/resource/Faj\u00e3_do_Valado": 1, "http://dbpedia.org/resource/Cinema_Batalha_(Porto)": 1, "http://dbpedia.org/resource/Castle_of_Geraldo": 1, "http://dbpedia.org/resource/Plaisance,_Dordogne": 1, "http://dbpedia.org/resource/Dommartin-l\u00e8s-Cuiseaux": 1, "http://dbpedia.org/resource/Belleau,_Aisne": 1, "http://dbpedia.org/resource/Roman_Temple_of_\u00c9vora": 1, "http://dbpedia.org/resource/Arab_League": 1, "http://dbpedia.org/resource/Roman_villa_of_Vilares": 1, "http://dbpedia.org/resource/Market_Square_(Miamisburg,_Ohio)": 1, "http://dbpedia.org/resource/Astronomical_Observatory_of_Lisbon": 1, "http://dbpedia.org/resource/Tax_law": 1, "http://dbpedia.org/resource/First_Presbyterian_Church_(Racine,_Wisconsin)": 1, "http://dbpedia.org/resource/Great_Dolmen_of_Comenda_da_Igreja": 1, "http://dbpedia.org/resource/Saint-Sauveur-la-Vall\u00e9e": 1, "http://dbpedia.org/resource/72nd_Pennsylvania_Infantry_Monument": 1, "http://dbpedia.org/resource/North_Carolina_Monument": 1, "http://dbpedia.org/resource/Bom_Jesus_do_Monte_Funicular": 1, "http://dbpedia.org/resource/9423_Abt": 1, "http://dbpedia.org/resource/Havergate_Island": 1, "http://dbpedia.org/resource/Bucktown,_Pennsylvania": 1, "http://dbpedia.org/resource/Petrovo_field,_Croatia": 1, "http://dbpedia.org/resource/Charmoille,_Haute-Sa\u00f4ne": 1, "http://dbpedia.org/resource/Castle_of_Degebe": 1, "http://dbpedia.org/resource/Church_of_S\u00e3o_Pedro_(Belazaima_do_Ch\u00e3o)": 1, "http://dbpedia.org/resource/Church_of_Fi\u00e3es": 1, "http://dbpedia.org/resource/Convent_of_S\u00e3o_Gon\u00e7alo_(Angra_do_Hero\u00edsmo)": 1, "http://dbpedia.org/resource/Castle_of_Viana_do_Alentejo": 1, "http://dbpedia.org/resource/Fort_of_Guincho": 1, "http://dbpedia.org/resource/Faj\u00e3_do_Belo": 1, "http://dbpedia.org/resource/Cape_Felt": 1, "http://dbpedia.org/resource/Al_Khawr,_Yemen": 1, "http://dbpedia.org/resource/Cr\u00e9py,_Pas-de-Calais": 1, "http://dbpedia.org/resource/Coimbras_Chapel": 1, "http://dbpedia.org/resource/Dog_Lake_(Brighton,_Utah)": 1, "http://dbpedia.org/resource/Betelgeuse": 1, "http://dbpedia.org/resource/Castle_of_Castro_Marim": 1, "http://dbpedia.org/resource/Saint-Sauveur,_Is\u00e8re": 1, "http://dbpedia.org/resource/Church_of_S\u00e3o_Pedro_de_Rubi\u00e3es": 1, "http://dbpedia.org/resource/Yosemite_Valley": 1, "http://dbpedia.org/resource/Betaab_Valley": 1, "http://dbpedia.org/resource/Nature_Park_of_Flores": 1, "http://dbpedia.org/resource/Agia,_Larissa": 1, "http://dbpedia.org/resource/A_Neuve_Hut": 1, "http://dbpedia.org/resource/Kishan,_Iran": 1, "http://dbpedia.org/resource/Roman_ruins_of_Villa_Cardillio": 1, "http://dbpedia.org/resource/Sidewalk": 1, "http://dbpedia.org/resource/Alto,_California": 1, "http://dbpedia.org/resource/Recreational_Forest_Reserve_of_Pinhal_da_Paz": 1, "http://dbpedia.org/resource/Fort_of_Santa_Cruz_(Horta)": 1, "http://dbpedia.org/resource/Chena_Hot_Springs,_Alaska": 1, "http://dbpedia.org/resource/Convent_of_S\u00e3o_Pedro_de_Alc\u00e2ntara_(S\u00e3o_Roque_do_Pico)": 1, "http://dbpedia.org/resource/Trinity_Lutheran_Church_(Friedheim,_Missouri)": 1, "http://dbpedia.org/resource/Amoreira_Aqueduct": 1, "http://dbpedia.org/resource/Dragomire\u0219ti,_Vaslui": 1, "http://dbpedia.org/resource/Nobbys_Head": 1, "http://dbpedia.org/resource/Church_of_S\u00e3o_Tiago_(Est\u00f4mbar)": 1, "http://dbpedia.org/resource/Castle_of_Beja": 1, "http://dbpedia.org/resource/Castle_of_Evoramonte": 1, "http://dbpedia.org/resource/Charlotte_Harbor_and_Northern_Railway_Depot": 1, "http://dbpedia.org/resource/Castle_of_Avis": 1, "http://dbpedia.org/resource/Bry,_Nord": 1, "http://dbpedia.org/resource/Latin_square": 1, "http://dbpedia.org/resource/Municipal_Palace/Hall_of_Ribeira_Grande": 1, "http://dbpedia.org/resource/Indian_Territory": 1, "http://dbpedia.org/resource/2_Pallas": 1, "http://dbpedia.org/resource/Open_system_(computing)": 1, "http://dbpedia.org/resource/Turbomolecular_pump": 1, "http://dbpedia.org/resource/Agnicourt-et-S\u00e9chelles": 1, "http://dbpedia.org/resource/Blatnica_Valley": 1, "http://dbpedia.org/resource/Bourguignon-l\u00e8s-Conflans": 1, "http://dbpedia.org/resource/Waste_Isolation_Pilot_Plant": 1, "http://dbpedia.org/resource/Fountain_of_Campo_das_Hortas": 1, "http://dbpedia.org/resource/Faj\u00e3_dos_Cubres": 1, "http://dbpedia.org/resource/Bonneville_Salt_Flats": 1, "http://dbpedia.org/resource/Everett_Wallace_House": 1, "http://dbpedia.org/resource/Madre_de_Deus_Manor": 1, "http://dbpedia.org/resource/Faj\u00e3_de_Fernando_Afonso": 1, "http://dbpedia.org/resource/CYGM_filter": 1, "http://dbpedia.org/resource/Dyer_State_Wayside": 1, "http://dbpedia.org/resource/Church_of_the_Ascension,_Roman_Catholic_(Manhattan)": 1, "http://dbpedia.org/resource/Plaisance-du-Sud": 1, "http://dbpedia.org/resource/Vela_(constellation)": 1, "http://dbpedia.org/resource/South_East_Cape": 1, "http://dbpedia.org/resource/Zhou_dynasty": 1, "http://dbpedia.org/resource/Seibu_Shinjuku_Line": 1, "http://dbpedia.org/resource/Olmedo,_Valladolid": 1, "http://dbpedia.org/resource/Church_of_S\u00e3o_Salvador_(Trofa)": 1, "http://dbpedia.org/resource/Castle_of_Redondos": 1, "http://dbpedia.org/resource/253_Mathilde": 1, "http://dbpedia.org/resource/Blidinje": 1, "http://dbpedia.org/resource/Boca_de_Potrerillos": 1, "http://dbpedia.org/resource/Faj\u00e3_da_Ermida": 1, "http://dbpedia.org/resource/Church_of_the_Miseric\u00f3rdia_de_Valadares": 1, "http://dbpedia.org/resource/Bonneuil-Matours": 1, "http://dbpedia.org/resource/Hospital_Pulido_Valente": 1, "http://dbpedia.org/resource/Castelvecchio_di_Rocca_Barbena": 1, "http://dbpedia.org/resource/Stanley_Mitchell_hut": 1, "http://dbpedia.org/resource/Roman_Thermae_of_Maximinus": 1, "http://dbpedia.org/resource/Windmills_of_Corvo": 1, "http://dbpedia.org/resource/Calouste_Gulbenkian_Museum": 1, "http://dbpedia.org/resource/Nature_Park_of_Alv\u00e3o": 1, "http://dbpedia.org/resource/Roman_villa_of_Santo_Andr\u00e9_de_Almo\u00e7ageme": 1, "http://dbpedia.org/resource/Fort_of_Pessegueiro": 1, "http://dbpedia.org/resource/Castle_Fortress_of_Almeida": 1, "http://dbpedia.org/resource/Colorado_Mineral_Belt": 1, "http://dbpedia.org/resource/Nature_Park_of_Santa_Maria": 1, "http://dbpedia.org/resource/S\u00e3o_Jorge_Castle": 1, "http://dbpedia.org/resource/Castle_of_S\u00e3o_Ram\u00e3o": 1, "http://dbpedia.org/resource/Turbopump": 1, "http://dbpedia.org/resource/Swastika": 1, "http://dbpedia.org/resource/Castle_of_Salir": 1, "http://dbpedia.org/resource/Funicular_dos_Guindais": 1, "http://dbpedia.org/resource/Vendels\u00f6arna": 1, "http://dbpedia.org/resource/Nature_Park_of_Faial": 1, "http://dbpedia.org/resource/Menhirs_of_Lavajo": 1, "http://dbpedia.org/resource/Fossil_Lake_(Oregon)": 1, "http://dbpedia.org/resource/Coliseu_dos_Recreios": 1, "http://dbpedia.org/resource/K\u00fcltepe": 1, "http://dbpedia.org/resource/Dommartin,_Ain": 1, "http://dbpedia.org/resource/588_Achilles": 1, "http://dbpedia.org/resource/Sankt_Martin,_Germany": 1, "http://dbpedia.org/resource/Church_of_Porto_Covo": 1, "http://dbpedia.org/resource/Convent_of_Nossa_Senhora_da_Concei\u00e7\u00e3o_(Angra_do_Hero\u00edsmo)": 1, "http://dbpedia.org/resource/Balu,_West_Azerbaijan": 1, "http://dbpedia.org/resource/Episcopal_Palace,_Angra_do_Hero\u00edsmo": 1, "http://dbpedia.org/resource/Faj\u00e3_de_Entre_Poios": 1, "http://dbpedia.org/resource/Castle_of_Alcoutim_(Old)": 1, "http://dbpedia.org/resource/Manor_of_the_Noronhas": 1, "http://dbpedia.org/resource/4659_Roddenberry": 1, "http://dbpedia.org/resource/Carpenter,_Wyoming": 1, "http://dbpedia.org/resource/3737_Beckman": 1, "http://dbpedia.org/resource/Roman_ruins_of_Cerro_da_Vila": 1, "http://dbpedia.org/resource/Castle_of_Castelo_Branco": 1, "http://dbpedia.org/resource/Moinho_de_Mar\u00e9_de_Corroios": 1, "http://dbpedia.org/resource/Castle_of_Alvor": 1, "http://dbpedia.org/resource/Faj\u00e3_da_Maria_Pereira": 1, "http://dbpedia.org/resource/White_Top": 1, "http://dbpedia.org/resource/Castle_of_Redondo": 1, "http://dbpedia.org/resource/Court_of_Wards_and_Liveries": 1, "http://dbpedia.org/resource/Bazar,_\u0141\u00f3d\u017a_Voivodeship": 1, "http://dbpedia.org/resource/Hemlock_Stone": 1, "http://dbpedia.org/resource/1374_Isora": 1, "http://dbpedia.org/resource/Bia\u0142obrzegi,_P\u0142ock_County": 1, "http://dbpedia.org/resource/Bairro_Alto": 1, "http://dbpedia.org/resource/Black_Rock_Forest": 1}