abbreviation,abbreviation,xsd:string,1,,http://dbpedia.org/ontology/abbreviation,10464,what is the abbreviation of <X>,what is the abbreviation of <X>,SELECT ?x WHERE { <X> <http://dbpedia.org/ontoltogy/abbreviation> ?x },SELECT ?a WHERE { ?a <http://dbpedia.org/ontoltogy/abbreviation> [] . ?a a <http://dbpedia.org/ontoltogy/Place> }
abstract,has abstract,rdf:langString,0,omit has - 1,http://dbpedia.org/ontology/abstract,12390578,what is the has abstract of <X>,what is the has abstract of <X>,,
access,access,xsd:string,1,,http://dbpedia.org/ontology/access,387,what is the access of <X>,what is the access of <X>,,
accessDate,access date,xsd:date,1,,,,what is the access date of <X>,what is the access date of <X>,,
activeYearsEndDate,active years end date,xsd:date,0.5,,http://dbpedia.org/ontology/activeYearsEndDate,84148,what is the active years end date of <X>,what is the active years end date of <X>,,
activeYearsEndYear,active years end year,xsd:gYear,0.5,"insert an extra ""of"" and requires jumbling",http://dbpedia.org/ontology/activeYearsEndYear,151754,what is the active years end year of <X>,what is the active years end year of <X>,,
activeYearsStartDate,active years start date,xsd:date,0.5,"insert an extra ""of"" and requires jumbling",http://dbpedia.org/ontology/activeYearsStartDate,103132,what is the active years start date of <X>,what is the active years start date of <X>,,
activeYearsStartYear,active years start year,xsd:gYear,0.5,"insert an extra ""of"" and requires jumbling",http://dbpedia.org/ontology/activeYearsStartYear,254812,what is the active years start year of <X>,what is the active years start year of <X>,,
address,address,rdf:langString,1,"insert an extra ""of"" and requires jumbling",http://dbpedia.org/ontology/address,56143,what is the address of <X>,what is the address of <X>,,
administrativeStatus,administrative status,xsd:string,1,,,,what is the administrative status of <X>,what is the administrative status of <X>,,
affiliation,affiliation,Organisation,1,,http://dbpedia.org/ontology/affiliation,24846,what is the affiliation of <X>,what is the affiliation of <X>,,
ageRange,age range,xsd:nonNegativeInteger,1,,http://dbpedia.org/ontology/ageRange,830,what is the age range of <X>,what is the age range of <X>,,
agglomerationPopulationTotal,agglomeration population total,xsd:nonNegativeInteger,1,,,,what is the agglomeration population total of <X>,what is the agglomeration population total of <X>,,
aitaCode,aita code,xsd:string,1,,,,what is the aita code of <X>,what is the aita code of <X>,,
album,album,Album,1,,http://dbpedia.org/ontology/album,48245,what is the album of <X>,what is the album of <X>,,
alias,alias,rdf:langString,1,,http://dbpedia.org/ontology/alias,55278,what is the alias of <X>,what is the alias of <X>,,
alongside,alongside,Person,0.1,"omit ""the"" and ""of"" - 1",,,who is the alongside of <X>,who is the alongside of <X>,,
alternativeName,alternative name,rdf:langString,1,,http://dbpedia.org/ontology/alternativeName,31,what is the alternative name of <X>,what is the alternative name of <X>,,
altitude,altitude,Altitude,1,,,,what is the altitude of <X>,what is the altitude of <X>,,
animal,animal,Animal,1,,http://dbpedia.org/ontology/animal,279,what is the animal of <X>,what is the animal of <X>,,
annualTemperature,annual temperature,Temperature,1,,,,what is the annual temperature of <X>,what is the annual temperature of <X>,,
anthem,anthem,Work,1,,http://dbpedia.org/ontology/anthem,783,what is the anthem of <X>,what is the anthem of <X>,,
apcPresident,apc president,Person,0.2,who instead of what - 1,,,who is the apc president of <X>,who is the apc president of <X>,,
appearance,appearance,xsd:string,0.8,"correct but - ""how does x appear"" is a better query",,,what is the appearance of <X>,what is the appearance of <X>,,
appointer,appointer,Person,0.2,who instead of what - 1,http://dbpedia.org/ontology/appointer,1618,who is the appointer of <X>,who is the appointer of <X>,,
area,area,Area,1,,http://dbpedia.org/ontology/area,70572,what is the area of <X>,what is the area of <X>,,
areaCode,area code,xsd:string,1,,http://dbpedia.org/ontology/areaCode,129943,what is the area code of <X>,what is the area code of <X>,,
areaDate,area date,xsd:date,1,,,,what is the area date of <X>,what is the area date of <X>,,
areaLand,area land,Area,0.5,jumble the label's words,http://dbpedia.org/ontology/areaLand,72766,what is the area land of <X>,what is the area land of <X>,,
areaMetro,area metro,Area,0.5,jumble the label's words,http://dbpedia.org/ontology/areaMetro,779,what is the area metro of <X>,what is the area metro of <X>,,
areaOfCatchmentQuote,area of catchment quote,xsd:string,1,,http://dbpedia.org/ontology/areaOfCatchmentQuote,1,what is the area of catchment quote of <X>,what is the area of catchment quote of <X>,,
areaQuote,**area quote,xsd:string,1,,http://dbpedia.org/ontology/areaQuote,1,what is the **area quote of <X>,what is the **area quote of <X>,,
areaRank,area rank,xsd:string,1,,,,what is the area rank of <X>,what is the area rank of <X>,,
areaTotal,area total,Area,0.5,,http://dbpedia.org/ontology/areaTotal,179581,what is the area total of <X>,what is the area total of <X>,,
areaWater,area water,Area,0.4,,http://dbpedia.org/ontology/areaWater,55568,what is the area water of <X>,what is the area water of <X>,,
artificialSnowArea,artificial snow area,xsd:float,0.8,"jumbling and an extra ""of""",,,what is the artificial snow area of <X>,what is the artificial snow area of <X>,,
asWikiText,as Wiki text,xsd:string,0.1,crop subwords,,,what is the as Wiki text of <X>,what is the as Wiki text of <X>,,
ascent,ascent,xsd:string,1,,,,what is the ascent of <X>,what is the ascent of <X>,,
associate,associate,Person,0,who,http://dbpedia.org/ontology/associate,3528,who is the associate of <X>,who is the associate of <X>,,
associateStar,associateStar,Constellation,0.6,,,,what is the associateStar of <X>,what is the associateStar of <X>,,
associatedBand,associated band,Band,1,but other queries possible: which band is associated to x,http://dbpedia.org/ontology/associatedBand,131347,what is the associated band of <X>,what is the associated band of <X>,,
associatedMusicalArtist,associated musical artist,MusicalArtist,,same^,http://dbpedia.org/ontology/associatedMusicalArtist,131338,what is the associated musical artist of <X>,what is the associated musical artist of <X>,,
atcCode,ATC code,xsd:string,1,,,,what is the ATC code of <X>,what is the ATC code of <X>,,
atcPrefix,ATC prefix,xsd:string,1,,http://dbpedia.org/ontology/atcPrefix,4699,what is the ATC prefix of <X>,what is the ATC prefix of <X>,,
atcSuffix,ATC suffix,xsd:string,1,,http://dbpedia.org/ontology/atcSuffix,2700,what is the ATC suffix of <X>,what is the ATC suffix of <X>,,
authority,authority,owl:Thing,1,,http://dbpedia.org/ontology/authority,374,what is the authority of <X>,what is the authority of <X>,,
authorityMandate,authority mandate,xsd:string,1,,,,what is the authority mandate of <X>,what is the authority mandate of <X>,,
autonomy,autonomy,owl:Thing,1,,,,what is the autonomy of <X>,what is the autonomy of <X>,,
average,average,xsd:double,1,,,,what is the average of <X>,what is the average of <X>,,
averageDepth,average depth,Length,1,,http://dbpedia.org/ontology/averageDepth,2500,what is the average depth of <X>,what is the average depth of <X>,,
averageDepthQuote,**average depth quote,xsd:string,,,http://dbpedia.org/ontology/averageDepthQuote,1,what is the **average depth quote of <X>,what is the **average depth quote of <X>,,
averageSpeed,average speed,Speed,1,,http://dbpedia.org/ontology/averageSpeed,735,what is the average speed of <X>,what is the average speed of <X>,,
avifaunaPopulation,avifauna population,xsd:string,0.8,better: what is the population of avifauna of x,,,what is the avifauna population of <X>,what is the avifauna population of <X>,,
award,award,Award,0.3,,http://dbpedia.org/ontology/award,90933,what is the award of <X>,what is the award of <X>,,
awayColourHexCode,colour hex code of away jersey or its parts,xsd:string,1,,,,what is the colour hex code of away jersey or its parts of <X>,what is the colour hex code of away jersey or its parts of <X>,,
background,background,xsd:string,1,,http://dbpedia.org/ontology/background,83192,what is the background of <X>,what is the background of <X>,,
battery,battery,Battery,1,,,,what is the battery of <X>,what is the battery of <X>,,
battle,battle,MilitaryConflict,1,,http://dbpedia.org/ontology/battle,117539,what is the battle of <X>,what is the battle of <X>,,
bibsysId,BIBSYS Id,xsd:string,1,,http://dbpedia.org/ontology/bibsysId,3,what is the BIBSYS Id of <X>,what is the BIBSYS Id of <X>,,
biggestCity,biggest city,PopulatedPlace,0.5,which instead of what,,,what is the biggest city of <X>,what is the biggest city of <X>,,
bioclimate,bioclimate,xsd:string,1,,,,what is the bioclimate of <X>,what is the bioclimate of <X>,,
biome,biome,owl:Thing,1,,http://dbpedia.org/ontology/biome,259,what is the biome of <X>,what is the biome of <X>,,
bird,bird,Species,1,,,,what is the bird of <X>,what is the bird of <X>,,
blackLongDistancePisteNumber,*long distance piste number,xsd:nonNegativeInteger,1,but - subset of words also correct - eg: what is the long distance number of ..,,,what is the *long distance piste number of <X>,what is the *long distance piste number of <X>,,
blackSkiPisteNumber,black ski piste number,xsd:nonNegativeInteger,1,,,,what is the black ski piste number of <X>,what is the black ski piste number of <X>,,
blazon,*blazon,xsd:string,1,,,,what is the *blazon of <X>,what is the *blazon of <X>,,
blazonLink,*blazon link,xsd:string,0.5,better: what is the link for blazon for x,,,what is the *blazon link of <X>,what is the *blazon link of <X>,,
blazonRatio,*blazon ratio,xsd:double,0.5,better: what is the blazon ratio for,,,what is the *blazon ratio of <X>,what is the *blazon ratio of <X>,,
blueLongDistancePisteNumber,blue long distance piste number,xsd:nonNegativeInteger,,,,,what is the blue long distance piste number of <X>,what is the blue long distance piste number of <X>,,
blueSkiPisteNumber,blue ski piste number,xsd:nonNegativeInteger,,,,,what is the blue ski piste number of <X>,what is the blue ski piste number of <X>,,
bnfId,BNF Id,xsd:string,1,,http://dbpedia.org/ontology/bnfId,97,what is the BNF Id of <X>,what is the BNF Id of <X>,,
book,name,xsd:string,1,,,,what is the name of <X>,what is the name of <X>,,
border,border,Area,1,,http://dbpedia.org/ontology/border,486,what is the border of <X>,what is the border of <X>,,
bpnId,BPN Id,xsd:string,1,,http://dbpedia.org/ontology/bpnId,1,what is the BPN Id of <X>,what is the BPN Id of <X>,,
budget,budget,Currency,1,,http://dbpedia.org/ontology/budget,18222,what is the budget of <X>,what is the budget of <X>,,
budgetYear,budget year,xsd:string,1,,,,what is the budget year of <X>,what is the budget year of <X>,,
builder,builder,owl:Thing,0.2,who but range not Person,http://dbpedia.org/ontology/builder,39938,what is the builder of <X>,what is the builder of <X>,,
buildingEndDate,building end date,xsd:string,0.8,what or when is the building end date of x,http://dbpedia.org/ontology/buildingEndDate,16636,what is the building end date of <X>,what is the building end date of <X>,,
buildingStartDate,building start date,xsd:string,0.8,,http://dbpedia.org/ontology/buildingStartDate,11634,what is the building start date of <X>,what is the building start date of <X>,,
cableCar,cable car,xsd:nonNegativeInteger,1,,,,what is the cable car of <X>,what is the cable car of <X>,,
calculationNeeds,its calculation needs,owl:Thing,0.2,are instead of is,,,what is the its calculation needs of <X>,what is the its calculation needs of <X>,,
callSign,call sign,xsd:string,1,,http://dbpedia.org/ontology/callSign,3742,what is the call sign of <X>,what is the call sign of <X>,,
cannonNumber,cannon number,xsd:nonNegativeInteger,1,,,,what is the cannon number of <X>,what is the cannon number of <X>,,
capacity,capacity,xsd:nonNegativeInteger,1,,http://dbpedia.org/ontology/capacity,15227,what is the capacity of <X>,what is the capacity of <X>,,
capitalCoordinates,capital coordinates,xsd:string,0.2,are instead of is,,,what is the capital coordinates of <X>,what is the capital coordinates of <X>,,
casNumber,CAS number,xsd:string,1,,http://dbpedia.org/ontology/casNumber,5548,what is the CAS number of <X>,what is the CAS number of <X>,,
casSupplemental,CAS supplemental,xsd:string,11,,http://dbpedia.org/ontology/casSupplemental,309,what is the CAS supplemental of <X>,what is the CAS supplemental of <X>,,
category,category,owl:Thing,1,,http://dbpedia.org/ontology/category,781,what is the category of <X>,what is the category of <X>,,
chain,chain,Company,1,,http://dbpedia.org/ontology/chain,143,what is the chain of <X>,what is the chain of <X>,,
chairLabel,chair label,owl:Thing,0.5,,http://dbpedia.org/ontology/chairLabel,5,what is the chair label of <X>,what is the chair label of <X>,,
chairman,chairman,Person,1,who instead of what - 1,http://dbpedia.org/ontology/chairman,6994,who is the chairman of <X>,who is the chairman of <X>,,
chancellor,chancellor,Person,1,who instead of what - 1,http://dbpedia.org/ontology/chancellor,1512,who is the chancellor of <X>,who is the chancellor of <X>,,
channel,channel,Broadcaster,0.9,,http://dbpedia.org/ontology/channel,15282,what is the channel of <X>,what is the channel of <X>,,
chiefPlace,chief place,PopulatedPlace,0.5,which instead of what,,,what is the chief place of <X>,what is the chief place of <X>,,
city,city,City,0.8,maybe which suits better instead of whhat,http://dbpedia.org/ontology/city,112483,what is the city of <X>,what is the city of <X>,,
cityLink,city link,xsd:string,1,,,,what is the city link of <X>,what is the city link of <X>,,
class,class,owl:Thing,1,,http://dbpedia.org/ontology/class,323249,what is the class of <X>,what is the class of <X>,,
classification,classification,xsd:string,1,,,,what is the classification of <X>,what is the classification of <X>,,
climate,climate,owl:Thing,0.5,how instead of what,,,what is the climate of <X>,what is the climate of <X>,,
climbUpNumber,clip up number,xsd:nonNegativeInteger,1,,,,what is the clip up number of <X>,what is the clip up number of <X>,,
closeTo,is close to,Place,,,,,what is the is close to of <X>,what is the is close to of <X>,,
closingDate,closing date,xsd:date,,,http://dbpedia.org/ontology/closingDate,1887,what is the closing date of <X>,what is the closing date of <X>,,
closingYear,closing year,xsd:gYear,,,http://dbpedia.org/ontology/closingYear,4084,what is the closing year of <X>,what is the closing year of <X>,,
coach,coach,Person,,,http://dbpedia.org/ontology/coach,24026,who is the coach of <X>,who is the coach of <X>,,
coachedTeam,coached team,SportsTeam,,,http://dbpedia.org/ontology/coachedTeam,200,what is the coached team of <X>,what is the coached team of <X>,,
coastLength,length of a coast,xsd:float,,,,,what is the length of a coast of <X>,what is the length of a coast of <X>,,
coatOfArms,coat of arms image,owl:Thing,,,,,what is the coat of arms image of <X>,what is the coat of arms image of <X>,,
code,code,xsd:string,,,http://dbpedia.org/ontology/code,1564,what is the code of <X>,what is the code of <X>,,
codeMunicipalMonument,monument code (municipal),xsd:string,,,,,what is the monument code (municipal) of <X>,what is the monument code (municipal) of <X>,,
codeNationalMonument,monument code (national),xsd:string,,,,,what is the monument code (national) of <X>,what is the monument code (national) of <X>,,
codeProvincialMonument,monument code (provinciall),xsd:string,,,,,what is the monument code (provinciall) of <X>,what is the monument code (provinciall) of <X>,,
collectionSize,country,owl:Thing,,,,,what is the country of <X>,what is the country of <X>,,
colour,colour,Colour,,,http://dbpedia.org/ontology/colour,7638,what is the colour of <X>,what is the colour of <X>,,
colourHexCode,colour hex code,xsd:string,,,http://dbpedia.org/ontology/colourHexCode,1105,what is the colour hex code of <X>,what is the colour hex code of <X>,,
colourName,colour name,rdf:langString,,,http://dbpedia.org/ontology/colourName,8796,what is the colour name of <X>,what is the colour name of <X>,,
commandant,commandant,Person,1,who,,,who is the commandant of <X>,who is the commandant of <X>,,
commander,commander,Person,1,who,http://dbpedia.org/ontology/commander,48960,who is the commander of <X>,who is the commander of <X>,,
comment,comment,xsd:string,,,,,what is the comment of <X>,what is the comment of <X>,,
committee,committee,xsd:string,,,http://dbpedia.org/ontology/committee,837,what is the committee of <X>,what is the committee of <X>,,
commonName,common name,rdf:langString,,,http://dbpedia.org/ontology/commonName,8,what is the common name of <X>,what is the common name of <X>,,
company,company,Organisation,,,http://dbpedia.org/ontology/company,18783,what is the company of <X>,what is the company of <X>,,
conflict,conflict,MilitaryConflict,,,,,what is the conflict of <X>,what is the conflict of <X>,,
connotation,connotation,owl:Thing,,,http://dbpedia.org/ontology/connotation,34,what is the connotation of <X>,what is the connotation of <X>,,
constituencyDistrict,constituency district,PopulatedPlace,0.9,,,,what is the constituency district of <X>,what is the constituency district of <X>,,
cosparId,COSPAR id,xsd:string,,,http://dbpedia.org/ontology/cosparId,1908,what is the COSPAR id of <X>,what is the COSPAR id of <X>,,
cost,cost,Currency,,,http://dbpedia.org/ontology/cost,4338,what is the cost of <X>,what is the cost of <X>,,
country,country,Country,0.5,,http://dbpedia.org/ontology/country,769223,what is the country of <X>,what is the country of <X>,,
countryCode,country code,xsd:string,,,,,what is the country code of <X>,what is the country code of <X>,,
county,county,PopulatedPlace,0.8,,http://dbpedia.org/ontology/county,9337,what is the county of <X>,what is the county of <X>,,
courseArea,course area,Area,0.9,,,,what is the course area of <X>,what is the course area of <X>,,
cpu,CPU,owl:Thing,,,http://dbpedia.org/ontology/cpu,1680,what is the CPU of <X>,what is the CPU of <X>,,
creationYear,year of creation,xsd:gYear,,,,,what is the year of creation of <X>,what is the year of creation of <X>,,
creator,creator (agent),Agent,0.5,what or who depends (who majorly),http://dbpedia.org/ontology/creator,27165,what is the creator (agent) of <X>,what is the creator (agent) of <X>,,
crest,crest,owl:Thing,,,,,what is the crest of <X>,what is the crest of <X>,,
criteria,criteria,xsd:string,,,,,what is the criteria of <X>,what is the criteria of <X>,,
cuisine,cuisine,xsd:string,,,http://dbpedia.org/ontology/cuisine,817,what is the cuisine of <X>,what is the cuisine of <X>,,
currency,currency,Currency,,,http://dbpedia.org/ontology/currency,1792,what is the currency of <X>,what is the currency of <X>,,
currencyCode,currency code,xsd:string,,,,,what is the currency code of <X>,what is the currency code of <X>,,
currentCity,current city,City,,which,,,what is the current city of <X>,what is the current city of <X>,,
currentStatus,current status,xsd:string,,,http://dbpedia.org/ontology/currentStatus,731,what is the current status of <X>,what is the current status of <X>,,
date,date,xsd:date,,,http://dbpedia.org/ontology/date,17586,what is the date of <X>,what is the date of <X>,,
dateAgreement,date of an agreement,xsd:date,,,,,what is the date of an agreement of <X>,what is the date of an agreement of <X>,,
dateBudget,date budget,xsd:date,,,,,what is the date budget of <X>,what is the date budget of <X>,,
dateOfAbandonment,date of abandonment,xsd:date,,,http://dbpedia.org/ontology/dateOfAbandonment,200,what is the date of abandonment of <X>,what is the date of abandonment of <X>,,
daylightSavingTimeZone,daylight saving time zone,owl:Thing,,,http://dbpedia.org/ontology/daylightSavingTimeZone,4677,what is the daylight saving time zone of <X>,what is the daylight saving time zone of <X>,,
dc:creator,creator (literal),xsd:string,,,http://purl.org/dc/terms/creator,1,what is the creator (literal) of <X>,what is the creator (literal) of <X>,,
dc:identifier,identifier,xsd:string,,,,,what is the identifier of <X>,what is the identifier of <X>,,
dc:language,language (literal),xsd:string,,,http://purl.org/dc/elements/1.1/language,12845235,what is the language (literal) of <X>,what is the language (literal) of <X>,,
dc:rights,rights,owl:Thing,,,http://purl.org/dc/elements/1.1/rights,2897004,what is the rights of <X>,what is the rights of <X>,,
dc:subject,subject,owl:Thing,,,http://purl.org/dc/elements/1.1/subject,2397,what is the subject of <X>,what is the subject of <X>,,
dc:title,title,xsd:string,,,,,what is the title of <X>,what is the title of <X>,,
dc:type,type (literal),xsd:string,,,http://purl.org/dc/elements/1.1/type,2636,what is the type (literal) of <X>,what is the type (literal) of <X>,,
dct:created,Date or range when this object was created,xsd:string,,,,,what is the Date or range when this object was created of <X>,what is the Date or range when this object was created of <X>,,
dct:dateSubmitted,date submitted,xsd:date,,,,,what is the date submitted of <X>,what is the date submitted of <X>,,
dct:description,Description,rdf:langString,,,http://purl.org/dc/terms/description,1289109,what is the Description of <X>,what is the Description of <X>,,
dct:extent,medium,xsd:string,,,,,what is the medium of <X>,what is the medium of <X>,,
dct:format,format (literal),xsd:string,,,,,what is the format (literal) of <X>,what is the format (literal) of <X>,,
dct:medium,medium,xsd:string,,,,,what is the medium of <X>,what is the medium of <X>,,
dct:modified,modified,xsd:date,,,http://purl.org/dc/terms/modified,1,what is the modified of <X>,what is the modified of <X>,,
dct:spatial,spatial,owl:Thing,,,,,what is the spatial of <X>,what is the spatial of <X>,,
dct:subject,subject,owl:Thing,,,http://purl.org/dc/terms/subject,23990506,what is the subject of <X>,what is the subject of <X>,,
dct:temporal,temporal,owl:Thing,,,,,what is the temporal of <X>,what is the temporal of <X>,,
dct:type,type,owl:Thing,,,,,what is the type of <X>,what is the type of <X>,,
deFactoLanguage,de facto language,Language,,,,,what is the de facto language of <X>,what is the de facto language of <X>,,
deliveryDate,delivery date,xsd:date,,,http://dbpedia.org/ontology/deliveryDate,34,what is the delivery date of <X>,what is the delivery date of <X>,,
demonym,demonym,rdf:langString,,,http://dbpedia.org/ontology/demonym,685,what is the demonym of <X>,what is the demonym of <X>,,
density,density,Density,1,,http://dbpedia.org/ontology/density,123,what is the density of <X>,what is the density of <X>,,
depictionDescription,depiction description (caption),rdf:langString,1,,http://dbpedia.org/ontology/depictionDescription,2710,what is the depiction description (caption) of <X>,what is the depiction description (caption) of <X>,,
depth,depth,Length,,,http://dbpedia.org/ontology/depth,649,what is the depth of <X>,what is the depth of <X>,,
depthQuote,depth quote,xsd:string,,,,,what is the depth quote of <X>,what is the depth quote of <X>,,
depths,depths,Depth,0.4,are instead of is,,,what is the depths of <X>,what is the depths of <X>,,
deputy,deputy,Person,1,,http://dbpedia.org/ontology/deputy,2550,who is the deputy of <X>,who is the deputy of <X>,,
description,description,rdf:langString,1,,http://dbpedia.org/ontology/description,13291,what is the description of <X>,what is the description of <X>,,
designCompany,designer company,Company,0.5,which,http://dbpedia.org/ontology/designCompany,1528,what is the designer company of <X>,what is the designer company of <X>,,
designer,designer,Person,1,what or who depends (who majorly),http://dbpedia.org/ontology/designer,10597,who is the designer of <X>,who is the designer of <X>,,
destructionDate,destruction date,xsd:date,0.5,,http://dbpedia.org/ontology/destructionDate,42,what is the destruction date of <X>,what is the destruction date of <X>,,
developer,developer,Agent,,,http://dbpedia.org/ontology/developer,28834,what is the developer of <X>,what is the developer of <X>,,
diameter,diameter,Length,,,http://dbpedia.org/ontology/diameter,1325,what is the diameter of <X>,what is the diameter of <X>,,
diocese,diocese,Diocese,,,,,what is the diocese of <X>,what is the diocese of <X>,,
discoverer,discoverer,Person,1,,http://dbpedia.org/ontology/discoverer,3756,who is the discoverer of <X>,who is the discoverer of <X>,,
disease,disease,Disease,,,,,what is the disease of <X>,what is the disease of <X>,,
distance,distance,Length,,,http://dbpedia.org/ontology/distance,2670,what is the distance of <X>,what is the distance of <X>,,
distributor,distributor,Organisation,1,,http://dbpedia.org/ontology/distributor,68036,what is the distributor of <X>,what is the distributor of <X>,,
district,district,PopulatedPlace,1,,http://dbpedia.org/ontology/district,47332,what is the district of <X>,what is the district of <X>,,
division,division,owl:Thing,1,,http://dbpedia.org/ontology/division,68235,what is the division of <X>,what is the division of <X>,,
documentDesignation,String designation of the WrittenWork describing the resource,xsd:string,0.5,omit subwords and of,,,what is the String designation of the WrittenWork describing the resource of <X>,what is the String designation of the WrittenWork describing the resource of <X>,,
draft,draft,xsd:string,1,,http://dbpedia.org/ontology/draft,10063,what is the draft of <X>,what is the draft of <X>,,
draftYear,draft year,xsd:gYear,,,http://dbpedia.org/ontology/draftYear,24521,what is the draft year of <X>,what is the draft year of <X>,,
drugbank,DrugBank,xsd:string,,,http://dbpedia.org/ontology/drugbank,1637,what is the DrugBank of <X>,what is the DrugBank of <X>,,
duration,duration,Time,1,,http://dbpedia.org/ontology/duration,57,what is the duration of <X>,what is the duration of <X>,,
dynasty,dynasty,owl:Thing,,,,,what is the dynasty of <X>,what is the dynasty of <X>,,
eastPlace,east place,Place,0.8,,,,what is the east place of <X>,what is the east place of <X>,,
editor,editor,Agent,,,http://dbpedia.org/ontology/editor,5557,what is the editor of <X>,what is the editor of <X>,,
einecsNumber,EINECS number,xsd:string,,,,,what is the EINECS number of <X>,what is the EINECS number of <X>,,
electionMajority,election majority,xsd:nonNegativeInteger,,,http://dbpedia.org/ontology/electionMajority,2055,what is the election majority of <X>,what is the election majority of <X>,,
elementAbove,element above,ChemicalSubstance,0.5,omit of,,,what is the element above of <X>,what is the element above of <X>,,
elevation,elevation,Length,,,http://dbpedia.org/ontology/elevation,247824,what is the elevation of <X>,what is the elevation of <X>,,
elevationQuote,elevation quote,xsd:string,,,http://dbpedia.org/ontology/elevationQuote,2,what is the elevation quote of <X>,what is the elevation quote of <X>,,
endOccupation,end occupation,xsd:string,,,,,what is the end occupation of <X>,what is the end occupation of <X>,,
endPoint,end point,Place,0.6,,http://dbpedia.org/ontology/endPoint,217,what is the end point of <X>,what is the end point of <X>,,
endYear,end year,xsd:gYear,,,,,what is the end year of <X>,what is the end year of <X>,,
endangeredSince,endangered since,xsd:date,,,,,what is the endangered since of <X>,what is the endangered since of <X>,,
engineer,engineer,Person,,,http://dbpedia.org/ontology/engineer,152,who is the engineer of <X>,who is the engineer of <X>,,
era,era,owl:Thing,,,http://dbpedia.org/ontology/era,1323,what is the era of <X>,what is the era of <X>,,
ethnicGroupsInYear,ethnic groups in year,xsd:gYear,,,http://dbpedia.org/ontology/ethnicGroupsInYear,120,what is the ethnic groups in year of <X>,what is the ethnic groups in year of <X>,,
event,event,Event,,,http://dbpedia.org/ontology/event,861,what is the event of <X>,what is the event of <X>,,
eventDate,event date,xsd:date,,,,,what is the event date of <X>,what is the event date of <X>,,
executiveProducer,executive producer,Person,,,http://dbpedia.org/ontology/executiveProducer,12377,who is the executive producer of <X>,who is the executive producer of <X>,,
exhibition,exhibition,xsd:string,,,,,what is the exhibition of <X>,what is the exhibition of <X>,,
existence,existence,owl:Thing,,,,,what is the existence of <X>,what is the existence of <X>,,
extinctionDate,extinction date,xsd:date,,,http://dbpedia.org/ontology/extinctionDate,2183,what is the extinction date of <X>,what is the extinction date of <X>,,
failedLaunches,failed launches,xsd:nonNegativeInteger,,,http://dbpedia.org/ontology/failedLaunches,200,what is the failed launches of <X>,what is the failed launches of <X>,,
fauna,fauna,xsd:string,,,,,what is the fauna of <X>,what is the fauna of <X>,,
fdaUniiCode,FDA UNII code,xsd:string,,,http://dbpedia.org/ontology/fdaUniiCode,3925,what is the FDA UNII code of <X>,what is the FDA UNII code of <X>,,
feastDay,feast day - holiday,what is the feast day of <X>,,,http://dbpedia.org/ontology/feastDay,28,what is the feast day - holiday of <X>,what is the feast day - holiday of <X>,,
fighter,fighter,xsd:string,,,,,what is the fighter of <X>,what is the fighter of <X>,,
filmPolskiId,FilmPolski.pl id,xsd:string,,,,,what is the FilmPolski.pl id of <X>,what is the FilmPolski.pl id of <X>,,
firstLeader,firstLeader,Person,,,http://dbpedia.org/ontology/firstLeader,3299,who is the firstLeader of <X>,who is the firstLeader of <X>,,
firstOwner,first owner,Agent,,,,,what is the first owner of <X>,what is the first owner of <X>,,
firstPlace,first place,xsd:string,,,,,what is the first place of <X>,what is the first place of <X>,,
firstPopularVote,firstPopularVote,Person,,,http://dbpedia.org/ontology/firstPopularVote,21,who is the firstPopularVote of <X>,who is the firstPopularVote of <X>,,
flag,flag (image),xsd:string,,,http://dbpedia.org/ontology/flag,411,what is the flag (image) of <X>,what is the flag (image) of <X>,,
flagBorder,flag border,xsd:string,,,,,what is the flag border of <X>,what is the flag border of <X>,,
flagLink,flag Link,xsd:string,,,,,what is the flag Link of <X>,what is the flag Link of <X>,,
floodingDate,flooding date,xsd:date,,,http://dbpedia.org/ontology/floodingDate,16,what is the flooding date of <X>,what is the flooding date of <X>,,
flora,flora,xsd:string,,,,,what is the flora of <X>,what is the flora of <X>,,
flower,flower,Species,,,,,what is the flower of <X>,what is the flower of <X>,,
foaf:based_near,based near,owl:Thing,,,,,what is the based near of <X>,what is the based near of <X>,,
foaf:depiction,depiction from http://xmlns.com/foaf/spec/#term_depiction,Image,,,http://xmlns.com/foaf/0.1/depiction,1698618,what is the depiction from http://xmlns.com/foaf/spec/#term_depiction of <X>,what is the depiction from http://xmlns.com/foaf/spec/#term_depiction of <X>,,
foaf:familyName,family name,rdf:langString,,,http://xmlns.com/foaf/0.1/familyName,20,what is the family name of <X>,what is the family name of <X>,,
foaf:gender,gender,xsd:string,,,http://xmlns.com/foaf/0.1/gender,1418209,what is the gender of <X>,what is the gender of <X>,,
foaf:givenName,given name,rdf:langString,,,http://xmlns.com/foaf/0.1/givenName,1175375,what is the given name of <X>,what is the given name of <X>,,
foaf:img,image,owl:Thing,,,,,what is the image of <X>,what is the image of <X>,,
foaf:isPrimaryTopicOf,A document that this thing is the primary topic of.,foaf:Document,,,http://xmlns.com/foaf/0.1/isPrimaryTopicOf,12845234,what is the A document that this thing is the primary topic of. of <X>,what is the A document that this thing is the primary topic of. of <X>,,
foaf:logo,logo,owl:Thing,,,http://xmlns.com/foaf/0.1/logo,116,what is the logo of <X>,what is the logo of <X>,,
foaf:mbox,Email address (mbox),xsd:string,,,,,what is the Email address (mbox) of <X>,what is the Email address (mbox) of <X>,,
foaf:name,name,rdf:langString,,,http://xmlns.com/foaf/0.1/name,4146581,what is the name of <X>,what is the name of <X>,,
foaf:nick,nickname,rdf:langString,,,http://xmlns.com/foaf/0.1/nick,52506,what is the nickname of <X>,what is the nickname of <X>,,
foaf:page,A page or document about this thing.,foaf:Document,,,http://xmlns.com/foaf/0.1/page,4055,what is the A page or document about this thing. of <X>,what is the A page or document about this thing. of <X>,,
foaf:phone,Telephone (phone) number,xsd:string,,,,,what is the Telephone (phone) number of <X>,what is the Telephone (phone) number of <X>,,
foaf:surname,surname,rdf:langString,,,http://xmlns.com/foaf/0.1/surname,890728,what is the surname of <X>,what is the surname of <X>,,
foaf:thumbnail,thumbnail,Image,,,http://xmlns.com/foaf/0.1/thumbnail,1448505,what is the thumbnail of <X>,what is the thumbnail of <X>,,
foaf:topic,A topic of some page or document.,owl:Thing,0.5,"omit words (""of the page"")",,,what is the A topic of some page or document. of <X>,what is the A topic of some page or document. of <X>,,
focus,focus,owl:Thing,,,,,what is the focus of <X>,what is the focus of <X>,,
followedBy,followed by,owl:Thing,0.4,,,,what is the followed by of <X>,what is the followed by of <X>,,
follows,follows,owl:Thing,,,,,what is the follows of <X>,what is the follows of <X>,,
forces,forces,xsd:string,,,,,what is the forces of <X>,what is the forces of <X>,,
foresterDistrict,foresterDistrict,owl:Thing,,,,,what is the foresterDistrict of <X>,what is the foresterDistrict of <X>,,
format,format (object),owl:Thing,,,http://dbpedia.org/ontology/format,81482,what is the format (object) of <X>,what is the format (object) of <X>,,
formerName,former name,rdf:langString,,,http://dbpedia.org/ontology/formerName,16479,what is the former name of <X>,what is the former name of <X>,,
foundedBy,founded by,Agent,,,http://dbpedia.org/ontology/foundedBy,12895,what is the founded by of <X>,what is the founded by of <X>,,
founder,founder,Person,,,http://dbpedia.org/ontology/founder,1574,who is the founder of <X>,who is the founder of <X>,,
foundingDate,founding date,xsd:date,,,http://dbpedia.org/ontology/foundingDate,23926,what is the founding date of <X>,what is the founding date of <X>,,
foundingYear,founding year,xsd:gYear,,,http://dbpedia.org/ontology/foundingYear,90919,what is the founding year of <X>,what is the founding year of <X>,,
frequency,frequency,Frequency,,,http://dbpedia.org/ontology/frequency,16350,what is the frequency of <X>,what is the frequency of <X>,,
frontierLength,length of a frontier,xsd:float,,,,,what is the length of a frontier of <X>,what is the length of a frontier of <X>,,
fuel,fuel,owl:Thing,,,,,what is the fuel of <X>,what is the fuel of <X>,,
fuelType,fuel type,owl:Thing,,,http://dbpedia.org/ontology/fuelType,464,what is the fuel type of <X>,what is the fuel type of <X>,,
gameModus,Modus the game can be played in,xsd:string,,,,,what is the Modus the game can be played in of <X>,what is the Modus the game can be played in of <X>,,
gender,gender,owl:Thing,,,http://dbpedia.org/ontology/gender,4834,what is the gender of <X>,what is the gender of <X>,,
genre,genre,Genre,,,http://dbpedia.org/ontology/genre,576001,what is the genre of <X>,what is the genre of <X>,,
geolocDual,geolocdual,xsd:string,,,,,what is the geolocdual of <X>,what is the geolocdual of <X>,,
geologicPeriod,geologic period,xsd:string,,,http://dbpedia.org/ontology/geologicPeriod,99,what is the geologic period of <X>,what is the geologic period of <X>,,
geology,geology,xsd:string,,,http://dbpedia.org/ontology/geology,406,what is the geology of <X>,what is the geology of <X>,,
governingBody,governing body,Organisation,,,http://dbpedia.org/ontology/governingBody,6181,what is the governing body of <X>,what is the governing body of <X>,,
governmentType,government type,GovernmentType,,,http://dbpedia.org/ontology/governmentType,11767,what is the government type of <X>,what is the government type of <X>,,
governor,governor,Person,,,http://dbpedia.org/ontology/governor,4473,who is the governor of <X>,who is the governor of <X>,,
governorGeneral,governor general,Person,,,http://dbpedia.org/ontology/governorGeneral,239,who is the governor general of <X>,who is the governor general of <X>,,
greekName,name in ancient Greek,xsd:string,,,,,what is the name in ancient Greek of <X>,what is the name in ancient Greek of <X>,,
greenLongDistancePisteNumber,green long distance piste number,xsd:nonNegativeInteger,,,,,what is the green long distance piste number of <X>,what is the green long distance piste number of <X>,,
greenSkiPisteNumber,green ski piste number,xsd:nonNegativeInteger,,,,,what is the green ski piste number of <X>,what is the green ski piste number of <X>,,
gridReference,grid reference,xsd:string,,,http://dbpedia.org/ontology/gridReference,23925,what is the grid reference of <X>,what is the grid reference of <X>,,
grossDomesticProductPerPeople,gross domestic product per people,xsd:string,,,,,what is the gross domestic product per people of <X>,what is the gross domestic product per people of <X>,,
grossDomesticProductRank,gross domestic product rank,xsd:string,,,,,what is the gross domestic product rank of <X>,what is the gross domestic product rank of <X>,,
hasChannel,has channel,owl:Thing,,,,,what is the has channel of <X>,what is the has channel of <X>,,
hasInput,has input,owl:Thing,,,,,what is the has input of <X>,what is the has input of <X>,,
hasInsidePlace,has inside place,Place,,,,,what is the has inside place of <X>,what is the has inside place of <X>,,
hasOutsidePlace,has outside place,Place,,,,,what is the has outside place of <X>,what is the has outside place of <X>,,
hasSurfaceForm,undefined,xsd:string,,,,,what is the undefined of <X>,what is the undefined of <X>,,
hasVariant,variant or variation,owl:Thing,,,http://dbpedia.org/ontology/hasVariant,653,what is the variant or variation of <X>,what is the variant or variation of <X>,,
height,height,Length,,,http://dbpedia.org/ontology/height,202143,what is the height of <X>,what is the height of <X>,,
heritageRegister,heritage register,owl:Thing,,,,,what is the heritage register of <X>,what is the heritage register of <X>,,
highestAltitude,highest altitude,Altitude,,,,,what is the highest altitude of <X>,what is the highest altitude of <X>,,
highestMountain,highest mountain,Mountain,,,http://dbpedia.org/ontology/highestMountain,79,what is the highest mountain of <X>,what is the highest mountain of <X>,,
highestPlace,highest place,PopulatedPlace,,,http://dbpedia.org/ontology/highestPlace,250,what is the highest place of <X>,what is the highest place of <X>,,
highestPosition,highest position,geo:SpatialThing,,,http://dbpedia.org/ontology/highestPosition,374,what is the highest position of <X>,what is the highest position of <X>,,
highschool,highschool,School,,,http://dbpedia.org/ontology/highschool,6491,what is the highschool of <X>,what is the highschool of <X>,,
historicalMap,historical map,xsd:string,,,,,what is the historical map of <X>,what is the historical map of <X>,,
historicalName,historical name,rdf:langString,,,,,what is the historical name of <X>,what is the historical name of <X>,,
homeArena,home arena,Arena,,,http://dbpedia.org/ontology/homeArena,1072,what is the home arena of <X>,what is the home arena of <X>,,
homeColourHexCode,colour hex code of home jersey or its parts,xsd:string,,,,,what is the colour hex code of home jersey or its parts of <X>,what is the colour hex code of home jersey or its parts of <X>,,
homeStadium,home stadium,Stadium,,,http://dbpedia.org/ontology/homeStadium,7403,what is the home stadium of <X>,what is the home stadium of <X>,,
honours,honours,owl:Thing,,,http://dbpedia.org/ontology/honours,1551,what is the honours of <X>,what is the honours of <X>,,
humanDevelopmentIndexRank,human development index rank,xsd:string,,,,,what is the human development index rank of <X>,what is the human development index rank of <X>,,
imageSize,image size (px),xsd:integer,,,http://dbpedia.org/ontology/imageSize,1675,what is the image size (px) of <X>,what is the image size (px) of <X>,,
imdbId,IMDB id,xsd:string,,,http://dbpedia.org/ontology/imdbId,72380,what is the IMDB id of <X>,what is the IMDB id of <X>,,
incumbent,incumbent,Person,,,http://dbpedia.org/ontology/incumbent,96,who is the incumbent of <X>,who is the incumbent of <X>,,
individualisedGnd,individualised GND number,xsd:string,,,http://dbpedia.org/ontology/individualisedGnd,229,what is the individualised GND number of <X>,what is the individualised GND number of <X>,,
influenced,influenced,owl:Thing,,,http://dbpedia.org/ontology/influenced,10966,what is the influenced of <X>,what is the influenced of <X>,,
influencedBy,influenced by,owl:Thing,,,http://dbpedia.org/ontology/influencedBy,23422,what is the influenced by of <X>,what is the influenced by of <X>,,
information,information,xsd:string,,,,,what is the information of <X>,what is the information of <X>,,
informationName,information name,xsd:string,,,,,what is the information name of <X>,what is the information name of <X>,,
inscription,inscription,xsd:string,,,,,what is the inscription of <X>,what is the inscription of <X>,,
institution,institution,Organisation,,,http://dbpedia.org/ontology/institution,2264,what is the institution of <X>,what is the institution of <X>,,
intercommunality,intercommunality,PopulatedPlace,,,http://dbpedia.org/ontology/intercommunality,7847,what is the intercommunality of <X>,what is the intercommunality of <X>,,
introduced,introduced,xsd:date,,,http://dbpedia.org/ontology/introduced,15,what is the introduced of <X>,what is the introduced of <X>,,
isPartOf,is part of,owl:Thing,,,http://dbpedia.org/ontology/isPartOf,912054,what is the is part of of <X>,what is the is part of of <X>,,
isPartOfName,is part of (literal),xsd:string,,,http://dbpedia.org/ontology/isPartOfName,1614,what is the is part of (literal) of <X>,what is the is part of (literal) of <X>,,
isRouteStop,is route stop,RouteStop,,,,,what is the is route stop of <X>,what is the is route stop of <X>,,
isniId,ISNI Id,xsd:string,,,http://dbpedia.org/ontology/isniId,50,what is the ISNI Id of <X>,what is the ISNI Id of <X>,,
iso31661Code,ISO 3166-1 code,xsd:string,,,,,what is the ISO 3166-1 code of <X>,what is the ISO 3166-1 code of <X>,,
isoCode,iso code of a place,xsd:string,,,,,what is the iso code of a place of <X>,what is the iso code of a place of <X>,,
jureLanguage,jure language,Language,,,,,what is the jure language of <X>,what is the jure language of <X>,,
jurisdiction,jurisdiction,owl:Thing,,,http://dbpedia.org/ontology/jurisdiction,6457,what is the jurisdiction of <X>,what is the jurisdiction of <X>,,
keyPerson,key person,Person,,,http://dbpedia.org/ontology/keyPerson,32206,who is the key person of <X>,who is the key person of <X>,,
kinOfLanguage,kindOfLanguage,xsd:string,,,,,what is the kindOfLanguage of <X>,what is the kindOfLanguage of <X>,,
kindOfCoordinate,kind of coordinate,xsd:string,,,,,what is the kind of coordinate of <X>,what is the kind of coordinate of <X>,,
kindOfRock,kind of rock,xsd:string,,,,,what is the kind of rock of <X>,what is the kind of rock of <X>,,
knownFor,known for,owl:Thing,,,http://dbpedia.org/ontology/knownFor,46996,what is the known for of <X>,what is the known for of <X>,,
lake,vastest lake,BodyOfWater,,,http://dbpedia.org/ontology/lake,2406,what is the vastest lake of <X>,what is the vastest lake of <X>,,
land,land,Place,,,,,what is the land of <X>,what is the land of <X>,,
landArea,area of a land,Area,,,,,what is the area of a land of <X>,what is the area of a land of <X>,,
landPercentage,land percentage of a place,xsd:float,,,,,what is the land percentage of a place of <X>,what is the land percentage of a place of <X>,,
language,language,Language,,,http://dbpedia.org/ontology/language,108092,what is the language of <X>,what is the language of <X>,,
languageRegulator,language regulator or academy,Language,,,http://dbpedia.org/ontology/languageRegulator,233,what is the language regulator or academy of <X>,what is the language regulator or academy of <X>,,
latinName,name in latin,xsd:string,,,,,what is the name in latin of <X>,what is the name in latin of <X>,,
lawCountry,law country,xsd:string,,,,,what is the law country of <X>,what is the law country of <X>,,
lccnId,LCCN Id,xsd:string,,,http://dbpedia.org/ontology/lccnId,457,what is the LCCN Id of <X>,what is the LCCN Id of <X>,,
leader,leader,Person,,,http://dbpedia.org/ontology/leader,8870,who is the leader of <X>,who is the leader of <X>,,
league,league,SportsLeague,,,http://dbpedia.org/ontology/league,45411,what is the league of <X>,what is the league of <X>,,
length,length,Length,,,http://dbpedia.org/ontology/length,75987,what is the length of <X>,what is the length of <X>,,
lengthQuote,length quote,xsd:string,,,http://dbpedia.org/ontology/lengthQuote,1,what is the length quote of <X>,what is the length quote of <X>,,
licensee,licensee,xsd:string,,,http://dbpedia.org/ontology/licensee,9403,what is the licensee of <X>,what is the licensee of <X>,,
lieutenant,lieutenant,Person,,,http://dbpedia.org/ontology/lieutenant,1859,who is the lieutenant of <X>,who is the lieutenant of <X>,,
limit,limit,xsd:string,,,,,what is the limit of <X>,what is the limit of <X>,,
linkedSpace,linked space,xsd:string,,,,,what is the linked space of <X>,what is the linked space of <X>,,
listItemOf,list item,owl:Thing,,,,,what is the list item of <X>,what is the list item of <X>,,
localAuthority,local authority,owl:Thing,,,http://dbpedia.org/ontology/localAuthority,2396,what is the local authority of <X>,what is the local authority of <X>,,
locatedInArea,located in area,Place,,,http://dbpedia.org/ontology/locatedInArea,48899,what is the located in area of <X>,what is the located in area of <X>,,
location,location,Place,,,http://dbpedia.org/ontology/location,413893,what is the location of <X>,what is the location of <X>,,
locationCountry,państwo,Country,,,http://dbpedia.org/ontology/locationCountry,21851,what is the państwo of <X>,what is the państwo of <X>,,
locationName,locationName,xsd:string,,,,,what is the locationName of <X>,what is the locationName of <X>,,
logo,logo,xsd:string,,,http://dbpedia.org/ontology/logo,1317,what is the logo of <X>,what is the logo of <X>,,
longDistancePisteKilometre,long distance piste kilometre,Length,,,,,what is the long distance piste kilometre of <X>,what is the long distance piste kilometre of <X>,,
longDistancePisteNumber,long distance piste number,xsd:nonNegativeInteger,,,,,what is the long distance piste number of <X>,what is the long distance piste number of <X>,,
longName,longName,rdf:langString,,,http://dbpedia.org/ontology/longName,476,what is the longName of <X>,what is the longName of <X>,,
lowest,lowest,xsd:string,,,http://dbpedia.org/ontology/lowest,358,what is the lowest of <X>,what is the lowest of <X>,,
lowestAltitude,lowest altitude,Altitude,,,,,what is the lowest altitude of <X>,what is the lowest altitude of <X>,,
lowestMountain,lowest mountain,Mountain,,,http://dbpedia.org/ontology/lowestMountain,133,what is the lowest mountain of <X>,what is the lowest mountain of <X>,,
lowestPlace,lowest place,PopulatedPlace,,,http://dbpedia.org/ontology/lowestPlace,166,what is the lowest place of <X>,what is the lowest place of <X>,,
lowestPosition,lowest position,geo:SpatialThing,,,http://dbpedia.org/ontology/lowestPosition,101,what is the lowest position of <X>,what is the lowest position of <X>,,
mainInterest,main interest,owl:Thing,,,http://dbpedia.org/ontology/mainInterest,4301,what is the main interest of <X>,what is the main interest of <X>,,
mainIsland,main island,Place,,,,,what is the main island of <X>,what is the main island of <X>,,
majorityFloorLeader,majority floor leader,xsd:integer,,,,,what is the majority floor leader of <X>,what is the majority floor leader of <X>,,
majorityLeader,majority leader,xsd:integer,,,,,what is the majority leader of <X>,what is the majority leader of <X>,,
management,management,owl:Thing,,,http://dbpedia.org/ontology/management,597,what is the management of <X>,what is the management of <X>,,
managementElevation,management elevation,Length,,,http://dbpedia.org/ontology/managementElevation,17,what is the management elevation of <X>,what is the management elevation of <X>,,
managementMountain,management mountain,Mountain,,,http://dbpedia.org/ontology/managementMountain,46,what is the management mountain of <X>,what is the management mountain of <X>,,
managementPlace,management place,PopulatedPlace,,,http://dbpedia.org/ontology/managementPlace,46,what is the management place of <X>,what is the management place of <X>,,
managementPosition,management position,geo:SpatialThing,,,http://dbpedia.org/ontology/managementPosition,34,what is the management position of <X>,what is the management position of <X>,,
managerYearsEndYear,manager years end year,xsd:gYear,,,,,what is the manager years end year of <X>,what is the manager years end year of <X>,,
managerYearsStartYear,manager years start year,xsd:gYear,,,,,what is the manager years start year of <X>,what is the manager years start year of <X>,,
mandate,political mandate,xsd:string,,,,,what is the political mandate of <X>,what is the political mandate of <X>,,
manufactory,manufactory,Factory,,,,,what is the manufactory of <X>,what is the manufactory of <X>,,
manufacturer,manufacturer,Organisation,,,http://dbpedia.org/ontology/manufacturer,35962,what is the manufacturer of <X>,what is the manufacturer of <X>,,
map,map,owl:Thing,,,http://dbpedia.org/ontology/map,177,what is the map of <X>,what is the map of <X>,,
mapCaption,map caption,xsd:string,,,http://dbpedia.org/ontology/mapCaption,41,what is the map caption of <X>,what is the map caption of <X>,,
mapDescription,map description,xsd:string,,,,,what is the map description of <X>,what is the map description of <X>,,
mascot,mascot,xsd:string,,,http://dbpedia.org/ontology/mascot,14752,what is the mascot of <X>,what is the mascot of <X>,,
mass,mass,Mass,,,http://dbpedia.org/ontology/mass,409,what is the mass of <X>,what is the mass of <X>,,
material,material,owl:Thing,,,http://dbpedia.org/ontology/material,576,what is the material of <X>,what is the material of <X>,,
max,max,xsd:nonNegativeInteger,,,,,what is the max of <X>,what is the max of <X>,,
maximumArea,maximum area,xsd:string,,,,,what is the maximum area of <X>,what is the maximum area of <X>,,
maximumAreaQuote,maximum area quote,xsd:string,,,,,what is the maximum area quote of <X>,what is the maximum area quote of <X>,,
maximumDepth,maximum depth,Length,,,http://dbpedia.org/ontology/maximumDepth,4069,what is the maximum depth of <X>,what is the maximum depth of <X>,,
maximumDepthQuote,maximum depth quote,xsd:string,,,http://dbpedia.org/ontology/maximumDepthQuote,1,what is the maximum depth quote of <X>,what is the maximum depth quote of <X>,,
maximumDischarge,maximum discharge,FlowRate,,,http://dbpedia.org/ontology/maximumDischarge,995,what is the maximum discharge of <X>,what is the maximum discharge of <X>,,
maximumElevation,maximum elevation,Length,,,http://dbpedia.org/ontology/maximumElevation,38564,what is the maximum elevation of <X>,what is the maximum elevation of <X>,,
mayor,mayor,Mayor,,,http://dbpedia.org/ontology/mayor,943,what is the mayor of <X>,what is the mayor of <X>,,
mayorArticle,mayor article,xsd:string,,,,,what is the mayor article of <X>,what is the mayor article of <X>,,
mayorCouncillor,mayor councillor,xsd:string,,,,,what is the mayor councillor of <X>,what is the mayor councillor of <X>,,
mbaId,MBA Id,xsd:string,,,http://dbpedia.org/ontology/mbaId,19,what is the MBA Id of <X>,what is the MBA Id of <X>,,
meaning,meaning,xsd:string,,,http://dbpedia.org/ontology/meaning,3479,what is the meaning of <X>,what is the meaning of <X>,,
mediaItem,media item,File,,,,,what is the media item of <X>,what is the media item of <X>,,
medlinePlus,MedlinePlus,xsd:string,,,,,what is the MedlinePlus of <X>,what is the MedlinePlus of <X>,,
meltingPoint,melting point,Temperature,,,,,what is the melting point of <X>,what is the melting point of <X>,,
memberOfParliament,Member of Parliament,Person,,,,,who is the Member of Parliament of <X>,who is the Member of Parliament of <X>,,
mergerDate,merger date,xsd:date,,,,,what is the merger date of <X>,what is the merger date of <X>,,
militaryGovernment,military government,xsd:string,,,,,what is the military government of <X>,what is the military government of <X>,,
militaryUnitSize,military unit size,xsd:string,,,http://dbpedia.org/ontology/militaryUnitSize,7887,what is the military unit size of <X>,what is the military unit size of <X>,,
min,min,xsd:nonNegativeInteger,,,,,what is the min of <X>,what is the min of <X>,,
minimumArea,minimum area,xsd:string,,,,,what is the minimum area of <X>,what is the minimum area of <X>,,
minimumAreaQuote,minimum area quote,xsd:string,,,,,what is the minimum area quote of <X>,what is the minimum area quote of <X>,,
minimumDischarge,minimum discharge,FlowRate,,,http://dbpedia.org/ontology/minimumDischarge,934,what is the minimum discharge of <X>,what is the minimum discharge of <X>,,
minimumElevation,minimum elevation,Length,,,http://dbpedia.org/ontology/minimumElevation,37766,what is the minimum elevation of <X>,what is the minimum elevation of <X>,,
minister,minister,Politician,,,,,what is the minister of <X>,what is the minister of <X>,,
minorityFloorLeader,minority floor leader,xsd:integer,,,,,what is the minority floor leader of <X>,what is the minority floor leader of <X>,,
minorityLeader,minority leader,xsd:integer,,,,,what is the minority leader of <X>,what is the minority leader of <X>,,
mission,mission,SpaceMission,,,http://dbpedia.org/ontology/mission,1501,what is the mission of <X>,what is the mission of <X>,,
monarch,monarch,Person,,,http://dbpedia.org/ontology/monarch,6433,who is the monarch of <X>,who is the monarch of <X>,,
month,month,xsd:string,,,http://dbpedia.org/ontology/month,88,what is the month of <X>,what is the month of <X>,,
motto,motto,xsd:string,,,http://dbpedia.org/ontology/motto,42633,what is the motto of <X>,what is the motto of <X>,,
mouthElevation,mouth elevation,Length,,,http://dbpedia.org/ontology/mouthElevation,7664,what is the mouth elevation of <X>,what is the mouth elevation of <X>,,
municipality,municipality,PopulatedPlace,,,http://dbpedia.org/ontology/municipality,3233,what is the municipality of <X>,what is the municipality of <X>,,
municipalityCode,municipality code,xsd:string,,,http://dbpedia.org/ontology/municipalityCode,2767,what is the municipality code of <X>,what is the municipality code of <X>,,
name,name,rdf:langString,,,http://dbpedia.org/ontology/name,1228,what is the name of <X>,what is the name of <X>,,
nameAsOf,so named since,xsd:gYear,,,,,what is the so named since of <X>,what is the so named since of <X>,,
nameInCantoneseChinese,name in Yue Chinese,rdf:langString,,,,,what is the name in Yue Chinese of <X>,what is the name in Yue Chinese of <X>,,
nameInHangulKorean,name in Hangul-written Korean,rdf:langString,,,,,what is the name in Hangul-written Korean of <X>,what is the name in Hangul-written Korean of <X>,,
nameInHanjaKorean,name in Hanja-written (traditional) Korean,rdf:langString,,,,,what is the name in Hanja-written (traditional) Korean of <X>,what is the name in Hanja-written (traditional) Korean of <X>,,
nameInJapanese,name in Japanese,rdf:langString,,,,,what is the name in Japanese of <X>,what is the name in Japanese of <X>,,
nameInMindongyuChinese,name in Mindongyu Chinese,rdf:langString,,,,,what is the name in Mindongyu Chinese of <X>,what is the name in Mindongyu Chinese of <X>,,
nameInMinnanyuChinese,name in Minnanyu Chinese,rdf:langString,,,,,what is the name in Minnanyu Chinese of <X>,what is the name in Minnanyu Chinese of <X>,,
nameInPinyinChinese,name in Pinyin Chinese,rdf:langString,,,,,what is the name in Pinyin Chinese of <X>,what is the name in Pinyin Chinese of <X>,,
nameInSimplifiedChinese,name in Simplified Chinese,rdf:langString,,,,,what is the name in Simplified Chinese of <X>,what is the name in Simplified Chinese of <X>,,
nameInTraditionalChinese,name in Traditional Chinese,rdf:langString,,,,,what is the name in Traditional Chinese of <X>,what is the name in Traditional Chinese of <X>,,
nameInWadeGilesChinese,name in the Wade-Giles transscription of Chinese,rdf:langString,,,,,what is the name in the Wade-Giles transscription of Chinese of <X>,what is the name in the Wade-Giles transscription of Chinese of <X>,,
namedAfter,named after,owl:Thing,,,http://dbpedia.org/ontology/namedAfter,40,what is the named after of <X>,what is the named after of <X>,,
namedByLanguage,named by language,Place,,,,,what is the named by language of <X>,what is the named by language of <X>,,
nationalTopographicSystemMapNumber,National Topographic System map number,xsd:string,,,http://dbpedia.org/ontology/nationalTopographicSystemMapNumber,5419,what is the National Topographic System map number of <X>,what is the National Topographic System map number of <X>,,
ndlId,NDL id,xsd:string,,,http://dbpedia.org/ontology/ndlId,23,what is the NDL id of <X>,what is the NDL id of <X>,,
nearestCity,nearest city,PopulatedPlace,,,http://dbpedia.org/ontology/nearestCity,18582,what is the nearest city of <X>,what is the nearest city of <X>,,
neighbourRegion,neighbour region,xsd:string,,,,,what is the neighbour region of <X>,what is the neighbour region of <X>,,
newspaper,newspaper,PeriodicalLiterature,,,,,what is the newspaper of <X>,what is the newspaper of <X>,,
nextEntity,next entity,Place,,,,,what is the next entity of <X>,what is the next entity of <X>,,
nlaId,NLA Id,xsd:string,,,http://dbpedia.org/ontology/nlaId,27,what is the NLA Id of <X>,what is the NLA Id of <X>,,
nominee,nominee,Person,,,http://dbpedia.org/ontology/nominee,31,who is the nominee of <X>,who is the nominee of <X>,,
northEastPlace,north-east place,Place,,,,,what is the north-east place of <X>,what is the north-east place of <X>,,
northPlace,north place,Place,,,,,what is the north place of <X>,what is the north place of <X>,,
northWestPlace,north-west place,Place,,,,,what is the north-west place of <X>,what is the north-west place of <X>,,
notableWork,notable work,Work,,,http://dbpedia.org/ontology/notableWork,6833,what is the notable work of <X>,what is the notable work of <X>,,
notes,notes,xsd:string,,,http://dbpedia.org/ontology/notes,756,what is the notes of <X>,what is the notes of <X>,,
numberOfIsland,number of islands,xsd:string,,,,,what is the number of islands of <X>,what is the number of islands of <X>,,
numberOfPixels,number of pixels (millions),xsd:nonNegativeInteger,,,,,what is the number of pixels (millions) of <X>,what is the number of pixels (millions) of <X>,,
numberOfSports,number of sports,xsd:nonNegativeInteger,,,http://dbpedia.org/ontology/numberOfSports,723,what is the number of sports of <X>,what is the number of sports of <X>,,
numberOfSportsEvents,number of sports events,xsd:nonNegativeInteger,,,,,what is the number of sports events of <X>,what is the number of sports events of <X>,,
numberOfVisitors,number of visitors,xsd:nonNegativeInteger,,,http://dbpedia.org/ontology/numberOfVisitors,1532,what is the number of visitors of <X>,what is the number of visitors of <X>,,
nutsCode,NUTS code,xsd:string,,,http://dbpedia.org/ontology/nutsCode,20,what is the NUTS code of <X>,what is the NUTS code of <X>,,
occupation,occupation,PersonFunction,,,http://dbpedia.org/ontology/occupation,335407,who is the occupation of <X>,who is the occupation of <X>,,
odor,Odor,xsd:string,,,,,what is the Odor of <X>,what is the Odor of <X>,,
office,(political) office,xsd:string,,,http://dbpedia.org/ontology/office,177682,what is the (political) office of <X>,what is the (political) office of <X>,,
openingDate,opening date,xsd:date,,,http://dbpedia.org/ontology/openingDate,20352,what is the opening date of <X>,what is the opening date of <X>,,
openingYear,opening year,xsd:gYear,,,http://dbpedia.org/ontology/openingYear,43756,what is the opening year of <X>,what is the opening year of <X>,,
operator,operator,owl:Thing,,,http://dbpedia.org/ontology/operator,20061,what is the operator of <X>,what is the operator of <X>,,
orbits,orbits,xsd:integer,,,http://dbpedia.org/ontology/orbits,6,what is the orbits of <X>,what is the orbits of <X>,,
orcidId,ORCID Id,xsd:string,,,http://dbpedia.org/ontology/orcidId,1,what is the ORCID Id of <X>,what is the ORCID Id of <X>,,
orderInOffice,order in office,xsd:string,,,http://dbpedia.org/ontology/orderInOffice,46824,what is the order in office of <X>,what is the order in office of <X>,,
organisation,organisation,Organisation,,,http://dbpedia.org/ontology/organisation,393,what is the organisation of <X>,what is the organisation of <X>,,
origin,origin,PopulatedPlace,,,http://dbpedia.org/ontology/origin,11211,what is the origin of <X>,what is the origin of <X>,,
originalName,original name,rdf:langString,,,,,what is the original name of <X>,what is the original name of <X>,,
originallyUsedFor,originally used for,xsd:string,,,http://dbpedia.org/ontology/originallyUsedFor,38,what is the originally used for of <X>,what is the originally used for of <X>,,
orogeny,orogeny,owl:Thing,,,http://dbpedia.org/ontology/orogeny,13,what is the orogeny of <X>,what is the orogeny of <X>,,
output,output,xsd:float,,,,,what is the output of <X>,what is the output of <X>,,
owl:differentFrom,An owl:differentFrom statement indicates that two URI references refer to different individuals,owl:Thing,,,http://www.w3.org/2002/07/owl#differentFrom,57623,what is the An owl:differentFrom statement indicates that two URI references refer to different individuals of <X>,what is the An owl:differentFrom statement indicates that two URI references refer to different individuals of <X>,,
owl:sameAs,same as,owl:Thing,,,http://www.w3.org/2002/07/owl#sameAs,33623696,what is the same as of <X>,what is the same as of <X>,,
owner,owner,Agent,,,http://dbpedia.org/ontology/owner,60352,what is the owner of <X>,what is the owner of <X>,,
owningCompany,owning company,Company,,,http://dbpedia.org/ontology/owningCompany,13345,what is the owning company of <X>,what is the owning company of <X>,,
owningOrganisation,owning organisation,Organisation,,,http://dbpedia.org/ontology/owningOrganisation,13186,what is the owning organisation of <X>,what is the owning organisation of <X>,,
parentCompany,parent company,Company,,,http://dbpedia.org/ontology/parentCompany,12213,what is the parent company of <X>,what is the parent company of <X>,,
parliament,parliament,Parliament,,,,,what is the parliament of <X>,what is the parliament of <X>,,
parliamentType,parliament type,xsd:string,,,,,what is the parliament type of <X>,what is the parliament type of <X>,,
part,part,owl:Thing,,,http://dbpedia.org/ontology/part,16892,what is the part of <X>,what is the part of <X>,,
partialFailedLaunches,partial failed launches,xsd:nonNegativeInteger,,,http://dbpedia.org/ontology/partialFailedLaunches,76,what is the partial failed launches of <X>,what is the partial failed launches of <X>,,
party,party,PoliticalParty,,,http://dbpedia.org/ontology/party,88099,what is the party of <X>,what is the party of <X>,,
partyNumber,party number,xsd:integer,,,,,what is the party number of <X>,what is the party number of <X>,,
pastMember,past member,Person,,,http://dbpedia.org/ontology/pastMember,46,who is the past member of <X>,who is the past member of <X>,,
patronSaint,patron saint,Person,,,,,who is the patron saint of <X>,who is the patron saint of <X>,,
pccSecretary,pcc secretary,xsd:string,,,,,what is the pcc secretary of <X>,what is the pcc secretary of <X>,,
percentage,percentage,owl:Thing,,,,,what is the percentage of <X>,what is the percentage of <X>,,
percentageOfAreaWater,percentage of area water,xsd:float,,,http://dbpedia.org/ontology/percentageOfAreaWater,10169,what is the percentage of area water of <X>,what is the percentage of area water of <X>,,
perimeter,perimeter,Length,,,,,what is the perimeter of <X>,what is the perimeter of <X>,,
period,event period,owl:Thing,,,,,what is the event period of <X>,what is the event period of <X>,,
picture,picture,owl:Thing,,,http://dbpedia.org/ontology/picture,3669,what is the picture of <X>,what is the picture of <X>,,
pictureDescription,picture description,owl:Thing,,,,,what is the picture description of <X>,what is the picture description of <X>,,
picturesCommonsCategory,pictures Commons category,xsd:string,,,,,what is the pictures Commons category of <X>,what is the pictures Commons category of <X>,,
pisciculturalPopulation,piscicultural population,xsd:string,,,,,what is the piscicultural population of <X>,what is the piscicultural population of <X>,,
plant,plant,Plant,,,http://dbpedia.org/ontology/plant,228,what is the plant of <X>,what is the plant of <X>,,
playRole,play role,owl:Thing,,,,,what is the play role of <X>,what is the play role of <X>,,
playingTime,playing time,Time,,,,,what is the playing time of <X>,what is the playing time of <X>,,
pole,pole,xsd:string,,,,,what is the pole of <X>,what is the pole of <X>,,
politicalLeader,political leader,PersonFunction,,,,,who is the political leader of <X>,who is the political leader of <X>,,
populationQuote,population quote,xsd:string,,,,,what is the population quote of <X>,what is the population quote of <X>,,
populationTotal,population total,xsd:nonNegativeInteger,,,http://dbpedia.org/ontology/populationTotal,327277,what is the population total of <X>,what is the population total of <X>,,
portfolio,portfolio,xsd:string,,,http://dbpedia.org/ontology/portfolio,343,what is the portfolio of <X>,what is the portfolio of <X>,,
position,position,owl:Thing,,,http://dbpedia.org/ontology/position,240407,what is the position of <X>,what is the position of <X>,,
postalCode,postal code,xsd:string,,,http://dbpedia.org/ontology/postalCode,188395,what is the postal code of <X>,what is the postal code of <X>,,
predecessor,predecessor,owl:Thing,,,http://dbpedia.org/ontology/predecessor,89375,what is the predecessor of <X>,what is the predecessor of <X>,,
prefix,prefix,xsd:string,,,,,what is the prefix of <X>,what is the prefix of <X>,,
president,president,Person,,,http://dbpedia.org/ontology/president,16042,who is the president of <X>,who is the president of <X>,,
presidentGeneralCouncilMandate,mandate of the president of the general council,xsd:string,,,,,what is the mandate of the president of the general council of <X>,what is the mandate of the president of the general council of <X>,,
presidentRegionalCouncilMandate,mandate of the president council of the regional council,xsd:string,,,,,what is the mandate of the president council of the regional council of <X>,what is the mandate of the president council of the regional council of <X>,,
previousEntity,previous entity,Place,,,,,what is the previous entity of <X>,what is the previous entity of <X>,,
price,price,Currency,,,,,what is the price of <X>,what is the price of <X>,,
primeMinister,prime minister,Person,,,http://dbpedia.org/ontology/primeMinister,14012,who is the prime minister of <X>,who is the prime minister of <X>,,
produces,produces,owl:Thing,,,,,what is the produces of <X>,what is the produces of <X>,,
productionEndDate,production end date,xsd:date,,,http://dbpedia.org/ontology/productionEndDate,15,what is the production end date of <X>,what is the production end date of <X>,,
productionEndYear,production end year,xsd:gYear,,,http://dbpedia.org/ontology/productionEndYear,8072,what is the production end year of <X>,what is the production end year of <X>,,
productionStartDate,production start date,xsd:date,,,http://dbpedia.org/ontology/productionStartDate,40,what is the production start date of <X>,what is the production start date of <X>,,
productionStartYear,production start year,xsd:gYear,,,http://dbpedia.org/ontology/productionStartYear,10087,what is the production start year of <X>,what is the production start year of <X>,,
prominence,prominence,Length,,,http://dbpedia.org/ontology/prominence,7499,what is the prominence of <X>,what is the prominence of <X>,,
pronunciation,pronunciation,xsd:string,,,,,what is the pronunciation of <X>,what is the pronunciation of <X>,,
protectionStatus,monument protection status,xsd:string,,,,,what is the monument protection status of <X>,what is the monument protection status of <X>,,
provides,provides,owl:Thing,,,,,what is the provides of <X>,what is the provides of <X>,,
province,province,Province,,,http://dbpedia.org/ontology/province,11254,what is the province of <X>,what is the province of <X>,,
provinceLink,province link,Province,,,,,what is the province link of <X>,what is the province link of <X>,,
publicationDate,publication date,xsd:date,,,http://dbpedia.org/ontology/publicationDate,3603,what is the publication date of <X>,what is the publication date of <X>,,
publiclyAccessible,publicly accessible,xsd:string,,,http://dbpedia.org/ontology/publiclyAccessible,478,what is the publicly accessible of <X>,what is the publicly accessible of <X>,,
purpose,purpose,xsd:string,,,http://dbpedia.org/ontology/purpose,6176,what is the purpose of <X>,what is the purpose of <X>,,
quotation,quotation,xsd:string,,,,,what is the quotation of <X>,what is the quotation of <X>,,
quote,quote,xsd:string,,,http://dbpedia.org/ontology/quote,635,what is the quote of <X>,what is the quote of <X>,,
race,race,Race,,,http://dbpedia.org/ontology/race,31133,what is the race of <X>,what is the race of <X>,,
raceHorse,race horse,Horse,,,http://dbpedia.org/ontology/raceHorse,3964,what is the race horse of <X>,what is the race horse of <X>,,
rank,rank,xsd:string,,,,,what is the rank of <X>,what is the rank of <X>,,
rankAgreement,rank of an agreement,xsd:nonNegativeInteger,,,,,what is the rank of an agreement of <X>,what is the rank of an agreement of <X>,,
rating,rating,xsd:float,,,http://dbpedia.org/ontology/rating,224,what is the rating of <X>,what is the rating of <X>,,
rdf:type,undefined,owl:Thing,,,http://www.w3.org/1999/02/22-rdf-syntax-ns#type,113715893,what is the undefined of <X>,what is the undefined of <X>,,
rdfs:comment,undefined,rdf:langString,,,http://www.w3.org/2000/01/rdf-schema#comment,12391811,what is the undefined of <X>,what is the undefined of <X>,,
rdfs:label,undefined,rdf:langString,,,http://www.w3.org/2000/01/rdf-schema#label,22430852,what is the undefined of <X>,what is the undefined of <X>,,
rdfs:seeAlso,is used to indicate a resource that might provide additional information about the subject resource,owl:Thing,,,http://www.w3.org/2000/01/rdf-schema#seeAlso,180729,what is the is used to indicate a resource that might provide additional information about the subject resource of <X>,what is the is used to indicate a resource that might provide additional information about the subject resource of <X>,,
rdfs:subClassOf,subclass of,owl:Thing,,,http://www.w3.org/2000/01/rdf-schema#subClassOf,570397,what is the subclass of of <X>,what is the subclass of of <X>,,
rebuildDate,rebuild date,xsd:date,,,http://dbpedia.org/ontology/rebuildDate,2,what is the rebuild date of <X>,what is the rebuild date of <X>,,
recordLabel,record label,RecordLabel,,,http://dbpedia.org/ontology/recordLabel,282756,what is the record label of <X>,what is the record label of <X>,,
redLongDistancePisteNumber,red long distance piste number,xsd:nonNegativeInteger,,,,,what is the red long distance piste number of <X>,what is the red long distance piste number of <X>,,
redSkiPisteNumber,red ski piste number,xsd:nonNegativeInteger,,,,,what is the red ski piste number of <X>,what is the red ski piste number of <X>,,
refcul,reference for cultural data,xsd:string,,,,,what is the reference for cultural data of <X>,what is the reference for cultural data of <X>,,
refgen,reference for general data,xsd:string,,,,,what is the reference for general data of <X>,what is the reference for general data of <X>,,
refgeo,reference for geographic data,xsd:string,,,,,what is the reference for geographic data of <X>,what is the reference for geographic data of <X>,,
refpol,reference for politic data,xsd:string,,,,,what is the reference for politic data of <X>,what is the reference for politic data of <X>,,
regency,regency,PopulatedPlace,,,,,what is the regency of <X>,what is the regency of <X>,,
region,region,Place,,,http://dbpedia.org/ontology/region,76716,what is the region of <X>,what is the region of <X>,,
regionLink,region link,xsd:string,,,,,what is the region link of <X>,what is the region link of <X>,,
regionType,region type,xsd:string,,,,,what is the region type of <X>,what is the region type of <X>,,
regionalPrefecture,regional prefecture,xsd:string,,,,,what is the regional prefecture of <X>,what is the regional prefecture of <X>,,
registry,registry,xsd:string,,,,,what is the registry of <X>,what is the registry of <X>,,
related,related,owl:Thing,,,http://dbpedia.org/ontology/related,17148,what is the related of <X>,what is the related of <X>,,
relatedPlaces,related places,List,,,,,what is the related places of <X>,what is the related places of <X>,,
releaseDate,release date,xsd:date,,,http://dbpedia.org/ontology/releaseDate,212290,what is the release date of <X>,what is the release date of <X>,,
relief,relief,xsd:string,,,,,what is the relief of <X>,what is the relief of <X>,,
religion,religion,owl:Thing,,,http://dbpedia.org/ontology/religion,50735,what is the religion of <X>,what is the religion of <X>,,
religiousHead,religious head,Person,,,http://dbpedia.org/ontology/religiousHead,22,who is the religious head of <X>,who is the religious head of <X>,,
reopened,reopened,xsd:date,,,,,what is the reopened of <X>,what is the reopened of <X>,,
representative,number of representatives,xsd:nonNegativeInteger,,,,,what is the number of representatives of <X>,what is the number of representatives of <X>,,
requirement,requirement,xsd:string,,,,,what is the requirement of <X>,what is the requirement of <X>,,
restoreDate,restore date,xsd:date,,,http://dbpedia.org/ontology/restoreDate,14,what is the restore date of <X>,what is the restore date of <X>,,
restriction,restriction,xsd:string,,,,,what is the restriction of <X>,what is the restriction of <X>,,
retentionTime,relation time,xsd:string,,,,,what is the relation time of <X>,what is the relation time of <X>,,
retired,retired,xsd:date,,,http://dbpedia.org/ontology/retired,182,what is the retired of <X>,what is the retired of <X>,,
ridId,RID Id,xsd:string,,,,,what is the RID Id of <X>,what is the RID Id of <X>,,
river,river,River,,,http://dbpedia.org/ontology/river,2650,what is the river of <X>,what is the river of <X>,,
rkdArtistsId,RKDartists id,xsd:string,,,http://dbpedia.org/ontology/rkdArtistsId,1,what is the RKDartists id of <X>,what is the RKDartists id of <X>,,
role,role,xsd:string,,,http://dbpedia.org/ontology/role,9160,what is the role of <X>,what is the role of <X>,,
route,route,xsd:string,,,,,what is the route of <X>,what is the route of <X>,,
royalAnthem,royal anthem,owl:Thing,,,http://dbpedia.org/ontology/royalAnthem,16,what is the royal anthem of <X>,what is the royal anthem of <X>,,
runningMate,running mate,Person,,,http://dbpedia.org/ontology/runningMate,17,who is the running mate of <X>,who is the running mate of <X>,,
sales,sales,Sales,,,http://dbpedia.org/ontology/sales,1983,what is the sales of <X>,what is the sales of <X>,,
scale,scale,xsd:string,,,,,what is the scale of <X>,what is the scale of <X>,,
score,score,xsd:double,,,,,what is the score of <X>,what is the score of <X>,,
sea,sea,Sea,,,,,what is the sea of <X>,what is the sea of <X>,,
secondLeader,secondLeader,Person,,,http://dbpedia.org/ontology/secondLeader,3056,who is the secondLeader of <X>,who is the secondLeader of <X>,,
secondPlace,second place,xsd:string,,,,,what is the second place of <X>,what is the second place of <X>,,
secondPopularVote,secondPopularVote,Person,,,http://dbpedia.org/ontology/secondPopularVote,31,who is the secondPopularVote of <X>,who is the secondPopularVote of <X>,,
selibrId,SELIBR Id,xsd:string,,,http://dbpedia.org/ontology/selibrId,5,what is the SELIBR Id of <X>,what is the SELIBR Id of <X>,,
senator,senator,Person,,,,,who is the senator of <X>,who is the senator of <X>,,
seniority,seniority,xsd:string,,,http://dbpedia.org/ontology/seniority,729,what is the seniority of <X>,what is the seniority of <X>,,
series,series,owl:Thing,,,http://dbpedia.org/ontology/series,27450,what is the series of <X>,what is the series of <X>,,
sessionNumber,session number,xsd:integer,,,,,what is the session number of <X>,what is the session number of <X>,,
settlement,settlement,PopulatedPlace,,,,,what is the settlement of <X>,what is the settlement of <X>,,
setupTime,setup time,Time,,,,,what is the setup time of <X>,what is the setup time of <X>,,
show,show,TelevisionShow,,,http://dbpedia.org/ontology/show,2,what is the show of <X>,what is the show of <X>,,
similar,similar,owl:Thing,,,http://dbpedia.org/ontology/similar,971,what is the similar of <X>,what is the similar of <X>,,
siren,siren number,xsd:nonNegativeInteger,,,,,what is the siren number of <X>,what is the siren number of <X>,,
sizeBlazon,size blazon,xsd:string,,,,,what is the size blazon of <X>,what is the size blazon of <X>,,
sizeLogo,size logo,xsd:nonNegativeInteger,,,,,what is the size logo of <X>,what is the size logo of <X>,,
sizeMap,size map,xsd:string,,,,,what is the size map of <X>,what is the size map of <X>,,
sizeThumbnail,size thumbnail,xsd:string,,,,,what is the size thumbnail of <X>,what is the size thumbnail of <X>,,
skiLift,ski lift,xsd:nonNegativeInteger,,,,,what is the ski lift of <X>,what is the ski lift of <X>,,
skiPisteKilometre,ski piste kilometre,Length,,,,,what is the ski piste kilometre of <X>,what is the ski piste kilometre of <X>,,
skiPisteNumber,ski piste number,xsd:nonNegativeInteger,,,,,what is the ski piste number of <X>,what is the ski piste number of <X>,,
skiTow,ski tow,xsd:nonNegativeInteger,,,,,what is the ski tow of <X>,what is the ski tow of <X>,,
skills,skills,owl:Thing,,,,,what is the skills of <X>,what is the skills of <X>,,
skos:broader,broader,owl:Thing,,,http://www.w3.org/2004/02/skos/core#broader,3080338,what is the broader of <X>,what is the broader of <X>,,
skos:prefLabel,prefLabel,rdf:langString,,,http://www.w3.org/2004/02/skos/core#prefLabel,1475015,what is the prefLabel of <X>,what is the prefLabel of <X>,,
skos:related,related,owl:Thing,,,http://www.w3.org/2004/02/skos/core#related,52661,what is the related of <X>,what is the related of <X>,,
slogan,slogan,rdf:langString,,,http://dbpedia.org/ontology/slogan,18098,what is the slogan of <X>,what is the slogan of <X>,,
snowParkNumber,snow park number,xsd:nonNegativeInteger,,,,,what is the snow park number of <X>,what is the snow park number of <X>,,
soundRecording,sound recording,Sound,,,http://dbpedia.org/ontology/soundRecording,10943,what is the sound recording of <X>,what is the sound recording of <X>,,
source,source,owl:Thing,,,http://dbpedia.org/ontology/source,2960,what is the source of <X>,what is the source of <X>,,
sourceConfluenceElevation,source confluence elevation,Length,,,http://dbpedia.org/ontology/sourceConfluenceElevation,208,what is the source confluence elevation of <X>,what is the source confluence elevation of <X>,,
sourceDistrict,source district,PopulatedPlace,,,,,what is the source district of <X>,what is the source district of <X>,,
sourceElevation,source elevation,Length,,,http://dbpedia.org/ontology/sourceElevation,4541,what is the source elevation of <X>,what is the source elevation of <X>,,
sourceMountain,source mountain,Mountain,,,http://dbpedia.org/ontology/sourceMountain,6147,what is the source mountain of <X>,what is the source mountain of <X>,,
sourcePlace,source place,PopulatedPlace,,,http://dbpedia.org/ontology/sourcePlace,6147,what is the source place of <X>,what is the source place of <X>,,
sourcePosition,source position,geo:SpatialThing,,,http://dbpedia.org/ontology/sourcePosition,4649,what is the source position of <X>,what is the source position of <X>,,
sourceRegion,source region,PopulatedPlace,,,http://dbpedia.org/ontology/sourceRegion,1252,what is the source region of <X>,what is the source region of <X>,,
sourceState,source state,PopulatedPlace,,,,,what is the source state of <X>,what is the source state of <X>,,
sourceText,sourceText,rdf:langString,,,,,what is the sourceText of <X>,what is the sourceText of <X>,,
southEastPlace,south-east place,Place,,,,,what is the south-east place of <X>,what is the south-east place of <X>,,
southPlace,south place,Place,,,,,what is the south place of <X>,what is the south place of <X>,,
southWestPlace,south-west place,Place,,,,,what is the south-west place of <X>,what is the south-west place of <X>,,
sovereignCountry,sovereign country,PopulatedPlace,,,,,what is the sovereign country of <X>,what is the sovereign country of <X>,,
speaker,speaker,xsd:integer,,,http://dbpedia.org/ontology/speaker,46,what is the speaker of <X>,what is the speaker of <X>,,
specialist,specialist,PersonFunction,,,http://dbpedia.org/ontology/specialist,721,who is the specialist of <X>,who is the specialist of <X>,,
specialization,specialization,owl:Thing,,,,,what is the specialization of <X>,what is the specialization of <X>,,
sport,sport,Sport,,,http://dbpedia.org/ontology/sport,5873,what is the sport of <X>,what is the sport of <X>,,
sportGoverningBody,sport governing body,owl:Thing,,,http://dbpedia.org/ontology/sportGoverningBody,173,what is the sport governing body of <X>,what is the sport governing body of <X>,,
stadium,Stadium,Stadium,,,http://dbpedia.org/ontology/stadium,2503,what is the Stadium of <X>,what is the Stadium of <X>,,
startOccupation,start occupation,xsd:string,,,,,what is the start occupation of <X>,what is the start occupation of <X>,,
startPoint,start point,Place,,,http://dbpedia.org/ontology/startPoint,221,what is the start point of <X>,what is the start point of <X>,,
startYear,start year,xsd:gYear,,,,,what is the start year of <X>,what is the start year of <X>,,
statName,stat name,xsd:string,,,,,what is the stat name of <X>,what is the stat name of <X>,,
statValue,stat value,xsd:double,,,,,what is the stat value of <X>,what is the stat value of <X>,,
state,state,PopulatedPlace,,,http://dbpedia.org/ontology/state,43597,what is the state of <X>,what is the state of <X>,,
stateDelegate,state delegate,Person,,,,,who is the state delegate of <X>,who is the state delegate of <X>,,
status,status,xsd:string,,,http://dbpedia.org/ontology/status,47976,what is the status of <X>,what is the status of <X>,,
statusYear,status year,xsd:string,,,,,what is the status year of <X>,what is the status year of <X>,,
subPrefecture,subprefecture,xsd:string,,,,,what is the subprefecture of <X>,what is the subprefecture of <X>,,
subdivision,subdivision,owl:Thing,,,,,what is the subdivision of <X>,what is the subdivision of <X>,,
subdivisionLink,subdivision link,xsd:string,,,,,what is the subdivision link of <X>,what is the subdivision link of <X>,,
subdivisions,subdivisions,xsd:nonNegativeInteger,,,http://dbpedia.org/ontology/subdivisions,5,what is the subdivisions of <X>,what is the subdivisions of <X>,,
sublimationPoint,sublimation point,Temperature,,,,,what is the sublimation point of <X>,what is the sublimation point of <X>,,
subregion,subregion,Place,,,http://dbpedia.org/ontology/subregion,438,what is the subregion of <X>,what is the subregion of <X>,,
subsystem,subsystem,xsd:string,,,,,what is the subsystem of <X>,what is the subsystem of <X>,,
subsystemLink,subsystem link,xsd:string,,,,,what is the subsystem link of <X>,what is the subsystem link of <X>,,
subtitle,subtitle,xsd:string,,,http://dbpedia.org/ontology/subtitle,248,what is the subtitle of <X>,what is the subtitle of <X>,,
successfulLaunches,successful launches,xsd:nonNegativeInteger,,,http://dbpedia.org/ontology/successfulLaunches,267,what is the successful launches of <X>,what is the successful launches of <X>,,
successor,successor,owl:Thing,,,http://dbpedia.org/ontology/successor,114130,what is the successor of <X>,what is the successor of <X>,,
sudocId,SUDOC id,xsd:string,,,http://dbpedia.org/ontology/sudocId,58,what is the SUDOC id of <X>,what is the SUDOC id of <X>,,
supply,supply,Place,,,,,what is the supply of <X>,what is the supply of <X>,,
surfaceFormOccurrenceOffset,position in which a surface occurs in a text,xsd:string,,,,,what is the position in which a surface occurs in a text of <X>,what is the position in which a surface occurs in a text of <X>,,
surfaceType,type of surface,xsd:string,,,,,what is the type of surface of <X>,what is the type of surface of <X>,,
synonym,synonym,xsd:string,,,http://dbpedia.org/ontology/synonym,253511,what is the synonym of <X>,what is the synonym of <X>,,
systemRequirements,minimum system requirements,xsd:string,,,,,what is the minimum system requirements of <X>,what is the minimum system requirements of <X>,,
tag,tag,xsd:date,,,,,what is the tag of <X>,what is the tag of <X>,,
taoiseach,taoiseach,Person,,,http://dbpedia.org/ontology/taoiseach,160,who is the taoiseach of <X>,who is the taoiseach of <X>,,
team,team,SportsTeam,,,http://dbpedia.org/ontology/team,2007122,what is the team of <X>,what is the team of <X>,,
teamSize,team size,xsd:nonNegativeInteger,,,http://dbpedia.org/ontology/teamSize,93,what is the team size of <X>,what is the team size of <X>,,
televisionSeries,television series,TelevisionShow,,,http://dbpedia.org/ontology/televisionSeries,2291,what is the television series of <X>,what is the television series of <X>,,
temperature,temperature,Temperature,,,http://dbpedia.org/ontology/temperature,405,what is the temperature of <X>,what is the temperature of <X>,,
tennisSurfaceType,type of tennis surface,xsd:string,,,http://dbpedia.org/ontology/tennisSurfaceType,933,what is the type of tennis surface of <X>,what is the type of tennis surface of <X>,,
termPeriod,term period,TimePeriod,,,http://dbpedia.org/ontology/termPeriod,148574,what is the term period of <X>,what is the term period of <X>,,
thirdPlace,third place,xsd:string,,,,,what is the third place of <X>,what is the third place of <X>,,
thumbnail,thumbnail,Image,,,http://dbpedia.org/ontology/thumbnail,1695460,what is the thumbnail of <X>,what is the thumbnail of <X>,,
thumbnailCaption,thumbnail caption,xsd:string,,,,,what is the thumbnail caption of <X>,what is the thumbnail caption of <X>,,
time,time,xsd:string,,,http://dbpedia.org/ontology/time,36444,what is the time of <X>,what is the time of <X>,,
timeInSpace,total time person has spent in space,Time,,,http://dbpedia.org/ontology/timeInSpace,120,what is the total time person has spent in space of <X>,what is the total time person has spent in space of <X>,,
timeZone,time zone,owl:Thing,,,http://dbpedia.org/ontology/timeZone,377227,what is the time zone of <X>,what is the time zone of <X>,,
title,title,rdf:langString,,,http://dbpedia.org/ontology/title,247497,what is the title of <X>,what is the title of <X>,,
topSpeed,top speed,Speed,,,http://dbpedia.org/ontology/topSpeed,18114,what is the top speed of <X>,what is the top speed of <X>,,
totalLaunches,total launches,xsd:nonNegativeInteger,,,http://dbpedia.org/ontology/totalLaunches,362,what is the total launches of <X>,what is the total launches of <X>,,
tradeMark,TradeMark,owl:Thing,,,,,what is the TradeMark of <X>,what is the TradeMark of <X>,,
translatedMotto,translated motto,xsd:string,,,,,what is the translated motto of <X>,what is the translated motto of <X>,,
tree,tree,Species,,,,,what is the tree of <X>,what is the tree of <X>,,
type,type,owl:Thing,,,http://dbpedia.org/ontology/type,403198,what is the type of <X>,what is the type of <X>,,
typeCoordinate,type coordinate,xsd:string,,,,,what is the type coordinate of <X>,what is the type coordinate of <X>,,
ulanId,ULAN id,xsd:string,,,http://dbpedia.org/ontology/ulanId,11,what is the ULAN id of <X>,what is the ULAN id of <X>,,
unesco,unesco,PopulatedPlace,,,,,what is the unesco of <X>,what is the unesco of <X>,,
university,university,EducationalInstitution,,,http://dbpedia.org/ontology/university,2795,what is the university of <X>,what is the university of <X>,,
unloCode,UN/LOCODE,xsd:string,,,,,what is the UN/LOCODE of <X>,what is the UN/LOCODE of <X>,,
updated,updated,xsd:date,,,,,what is the updated of <X>,what is the updated of <X>,,
uses,uses,owl:Thing,,,,,what is the uses of <X>,what is the uses of <X>,,
usk,approved rating of the Entertainment Software Self-Regulation Body in Germany,xsd:integer,,,,,what is the approved rating of the Entertainment Software Self-Regulation Body in Germany of <X>,what is the approved rating of the Entertainment Software Self-Regulation Body in Germany of <X>,,
utcOffset,UTC offset,xsd:string,,,http://dbpedia.org/ontology/utcOffset,445717,what is the UTC offset of <X>,what is the UTC offset of <X>,,
value,value,xsd:nonNegativeInteger,,,,,what is the value of <X>,what is the value of <X>,,
variantOf,variant or variation,owl:Thing,,,http://dbpedia.org/ontology/variantOf,4180,what is the variant or variation of <X>,what is the variant or variation of <X>,,
vehicle,vehicle,Automobile,,,http://dbpedia.org/ontology/vehicle,185,what is the vehicle of <X>,what is the vehicle of <X>,,
vehicleCode,vehicle code,xsd:string,,,,,what is the vehicle code of <X>,what is the vehicle code of <X>,,
viafId,VIAF Id,xsd:string,,,http://dbpedia.org/ontology/viafId,1599,what is the VIAF Id of <X>,what is the VIAF Id of <X>,,
viceChancellor,vice chancellor,Person,,,http://dbpedia.org/ontology/viceChancellor,423,who is the vice chancellor of <X>,who is the vice chancellor of <X>,,
vicePresident,vice president,Person,,,http://dbpedia.org/ontology/vicePresident,1005,who is the vice president of <X>,who is the vice president of <X>,,
vicePrimeMinister,vice prime minister,Person,,,http://dbpedia.org/ontology/vicePrimeMinister,29,who is the vice prime minister of <X>,who is the vice prime minister of <X>,,
victim,victim (resource),owl:Thing,,,http://dbpedia.org/ontology/victim,154,what is the victim (resource) of <X>,what is the victim (resource) of <X>,,
victims,victims (string),xsd:string,,,http://dbpedia.org/ontology/victims,95,what is the victims (string) of <X>,what is the victims (string) of <X>,,
voice,voice,Person,,,http://dbpedia.org/ontology/voice,11182,who is the voice of <X>,who is the voice of <X>,,
volume,volume,Volume,,,http://dbpedia.org/ontology/volume,4082,what is the volume of <X>,what is the volume of <X>,,
volumeQuote,volume quote,xsd:string,,,http://dbpedia.org/ontology/volumeQuote,1,what is the volume quote of <X>,what is the volume quote of <X>,,
water,water,xsd:string,,,,,what is the water of <X>,what is the water of <X>,,
waterArea,area of water,Area,,,,,what is the area of water of <X>,what is the area of water of <X>,,
waterPercentage,water percentage of a place,xsd:float,,,,,what is the water percentage of a place of <X>,what is the water percentage of a place of <X>,,
webcast,webcast,owl:Thing,,,http://dbpedia.org/ontology/webcast,9065,what is the webcast of <X>,what is the webcast of <X>,,
websiteLabel,label of a website,rdf:langString,,,,,what is the label of a website of <X>,what is the label of a website of <X>,,
weight,weight,Mass,,,http://dbpedia.org/ontology/weight,80374,what is the weight of <X>,what is the weight of <X>,,
westPlace,west place,Place,,,,,what is the west place of <X>,what is the west place of <X>,,
wholeArea,whole area,Area,,,,,what is the whole area of <X>,what is the whole area of <X>,,
width,width,Length,,,http://dbpedia.org/ontology/width,13316,what is the width of <X>,what is the width of <X>,,
widthQuote,width quote,xsd:string,,,http://dbpedia.org/ontology/widthQuote,2,what is the width quote of <X>,what is the width quote of <X>,,
wikiPageCharacterSize,Character size of wiki page,xsd:nonNegativeInteger,,,,,what is the Character size of wiki page of <X>,what is the Character size of wiki page of <X>,,
wikiPageDisambiguates,Wikipage disambiguates,owl:Thing,,,http://dbpedia.org/ontology/wikiPageDisambiguates,1537180,what is the Wikipage disambiguates of <X>,what is the Wikipage disambiguates of <X>,,
wikiPageEditLink,Link to the Wikipage edit URL,owl:Thing,,,,,what is the Link to the Wikipage edit URL of <X>,what is the Link to the Wikipage edit URL of <X>,,
wikiPageExternalLink,Link from a Wikipage to an external page,owl:Thing,,,http://dbpedia.org/ontology/wikiPageExternalLink,7772279,what is the Link from a Wikipage to an external page of <X>,what is the Link from a Wikipage to an external page of <X>,,
wikiPageExtracted,extraction datetime,xsd:dateTime,,,,,what is the extraction datetime of <X>,what is the extraction datetime of <X>,,
wikiPageHistoryLink,Link to the Wikipage history URL,owl:Thing,,,,,what is the Link to the Wikipage history URL of <X>,what is the Link to the Wikipage history URL of <X>,,
wikiPageID,Wikipage page ID,xsd:integer,,,http://dbpedia.org/ontology/wikiPageID,15797811,what is the Wikipage page ID of <X>,what is the Wikipage page ID of <X>,,
wikiPageInDegree,Wiki page in degree,xsd:nonNegativeInteger,,,,,what is the Wiki page in degree of <X>,what is the Wiki page in degree of <X>,,
wikiPageInterLanguageLink,Link from a Wikipage to a Wikipage in a different language about the same or a related subject.,owl:Thing,,,,,what is the Link from a Wikipage to a Wikipage in a different language about the same or a related subject. of <X>,what is the Link from a Wikipage to a Wikipage in a different language about the same or a related subject. of <X>,,
wikiPageLength,page length (characters) of wiki page,xsd:nonNegativeInteger,,,,,what is the page length (characters) of wiki page of <X>,what is the page length (characters) of wiki page of <X>,,
wikiPageModified,Wikipage modification datetime,xsd:dateTime,,,,,what is the Wikipage modification datetime of <X>,what is the Wikipage modification datetime of <X>,,
wikiPageOutDegree,Wiki page out degree,xsd:nonNegativeInteger,,,,,what is the Wiki page out degree of <X>,what is the Wiki page out degree of <X>,,
wikiPageRedirects,Wikipage redirect,owl:Thing,,,http://dbpedia.org/ontology/wikiPageRedirects,7632358,what is the Wikipage redirect of <X>,what is the Wikipage redirect of <X>,,
wikiPageRevisionID,Wikipage revision ID,xsd:integer,,,http://dbpedia.org/ontology/wikiPageRevisionID,15797811,what is the Wikipage revision ID of <X>,what is the Wikipage revision ID of <X>,,
wikiPageRevisionLink,Link to the Wikipage revision URL,owl:Thing,,,,,what is the Link to the Wikipage revision URL of <X>,what is the Link to the Wikipage revision URL of <X>,,
wikiPageUsesTemplate,wiki page uses template,WikimediaTemplate,,,,,what is the wiki page uses template of <X>,what is the wiki page uses template of <X>,,
wikiPageWikiLink,Link from a Wikipage to another Wikipage,owl:Thing,,,,,what is the Link from a Wikipage to another Wikipage of <X>,what is the Link from a Wikipage to another Wikipage of <X>,,
wikiPageWikiLinkText,Text used to link from a Wikipage to another Wikipage,owl:Thing,,,,,what is the Text used to link from a Wikipage to another Wikipage of <X>,what is the Text used to link from a Wikipage to another Wikipage of <X>,,
wikidataSplitIri,Wikidata IRI slit,owl:Thing,,,,,what is the Wikidata IRI slit of <X>,what is the Wikidata IRI slit of <X>,,
wins,wins,xsd:nonNegativeInteger,,,http://dbpedia.org/ontology/wins,1190,what is the wins of <X>,what is the wins of <X>,,
year,year,xsd:gYear,,,http://dbpedia.org/ontology/year,40047,what is the year of <X>,what is the year of <X>,,
yearOfConstruction,year of construction,xsd:gYear,,,http://dbpedia.org/ontology/yearOfConstruction,49389,what is the year of construction of <X>,what is the year of construction of <X>,,
zodiacSign,zodiac sign,owl:Thing,,,,,what is the zodiac sign of <X>,what is the zodiac sign of <X>,,